Date	Close	Open	High	Low	Volume	ROI
2015-01-05	34.87	34.68	35.05	34.59	182	0.0
2015-01-06	35.24	34.68	35.24	34.68	130	1.0582
2015-01-07	35.47	35.14	35.51	35.14	125	0.6545
2015-01-08	35.42	35.42	35.51	35.42	115	-0.13
2015-01-09	35.51	35.47	35.51	35.38	103	0.2604
2015-01-12	35.51	35.51	35.7	35.33	121	0.0
2015-01-13	35.7	35.51	35.79	35.51	116	0.5195
2015-01-14	35.33	35.79	35.79	35.33	155	-1.0336
2015-01-15	35.24	35.24	35.7	35.24	62	-0.2611
2015-01-16	35.1	35.24	35.24	34.87	172	-0.3927
2015-01-19	35.1	35.05	35.24	35.05	80	0.0
2015-01-20	35.42	35.1	35.47	35.1	50	0.9198
2015-01-21	35.47	35.42	35.79	35.19	75	0.1302
2015-01-22	35.28	35.47	35.47	35.24	73	-0.5202
2015-01-23	35.19	35.38	35.51	35.05	108	-0.2614
2015-01-26	35.19	35.05	35.28	34.96	205	0.0
2015-01-27	35.24	35.05	35.38	35.01	63	0.1311
2015-01-28	35.33	35.05	35.33	35.05	113	0.2618
2015-01-29	35.14	35.33	35.33	35.05	41	-0.5222
2015-01-30	35.14	35.14	35.33	35.14	39	0.0
2015-02-02	35.24	35.14	35.24	35.14	40	0.2625
2015-02-03	35.1	35.56	35.56	35.1	97	-0.3927
2015-02-04	35.01	35.1	35.28	35.01	78	-0.2628
2015-02-05	35.1	35.01	35.19	34.87	106	0.2635
2015-02-06	34.91	35.1	35.14	34.91	88	-0.5256
2015-02-09	35.05	34.87	35.05	34.82	39	0.3963
2015-02-10	34.96	35.05	35.14	34.87	68	-0.2632
2015-02-11	35.14	34.82	35.19	34.78	72	0.5277
2015-02-12	35.05	34.96	35.14	34.96	23	-0.2625
2015-02-13	35.05	34.78	35.24	34.78	59	0.0
2015-02-24	34.96	34.78	35.05	34.78	96	-0.2632
2015-02-25	34.78	34.82	34.96	34.78	123	-0.5277
2015-02-26	34.96	34.68	34.96	34.59	87	0.5305
2015-03-02	34.82	34.59	34.87	34.59	57	-0.3958
2015-03-03	34.68	34.64	34.73	34.59	85	-0.3974
2015-03-04	34.78	34.68	34.87	34.68	86	0.266
2015-03-05	34.91	34.82	34.91	34.73	50	0.3979
2015-03-06	34.87	34.87	34.87	34.87	28	-0.1321
2015-03-09	34.96	34.68	34.96	34.68	64	0.2646
2015-03-10	34.87	34.96	34.96	34.78	61	-0.2639
2015-03-11	34.73	34.68	34.78	34.59	95	-0.3968
2015-03-12	34.87	34.78	34.96	34.78	100	0.3984
2015-03-13	34.82	34.78	34.87	34.68	97	-0.1323
2015-03-16	34.87	34.68	34.87	34.59	85	0.1325
2015-03-17	34.73	34.87	34.87	34.73	116	-0.3968
2015-03-18	34.64	34.68	34.78	34.59	123	-0.2656
2015-03-19	34.64	34.68	34.68	34.59	166	0.0
2015-03-20	34.78	34.59	34.78	34.5	304	0.3995
2015-03-23	34.87	34.78	34.91	34.78	92	0.2653
2015-03-24	34.91	34.91	34.91	34.59	156	0.1323
2015-03-25	34.68	34.91	34.91	34.59	72	-0.6605
2015-03-26	35.01	34.59	35.42	34.59	121	0.9309
2015-03-27	35.33	34.78	35.33	34.68	162	0.9223
2015-03-30	35.42	35.42	35.47	35.14	144	0.2611
2015-03-31	34.96	35.47	35.47	34.73	148	-1.3021
2015-04-01	34.73	35.05	35.05	34.5	141	-0.6596
2015-04-02	34.59	34.73	34.82	34.59	70	-0.3984
2015-04-07	34.5	34.59	34.64	34.5	126	-0.2667
2015-04-08	34.31	34.5	34.59	34.22	190	-0.5348
2015-04-09	34.31	34.31	34.45	34.22	142	0.0
2015-04-10	34.31	34.54	34.54	34.22	62	0.0
2015-04-13	34.5	34.31	34.5	34.22	104	0.5376
2015-04-14	34.27	34.5	34.54	34.27	139	-0.6684
2015-04-15	33.85	34.27	34.31	33.85	273	-1.2113
2015-04-16	34.08	34.04	34.13	33.76	237	0.6812
2015-04-17	34.22	33.9	34.22	33.85	94	0.406
2015-04-20	33.99	34.22	34.31	33.71	207	-0.6739
2015-04-21	33.71	33.99	33.99	33.67	147	-0.8141
2015-04-22	33.67	33.71	33.71	33.58	104	-0.1368
2015-04-23	33.95	33.71	33.99	33.58	183	0.8219
2015-04-24	34.59	33.67	34.59	33.67	172	1.9022
2015-04-27	34.73	34.59	35.01	34.41	191	0.4
2015-04-28	35.05	34.68	35.05	34.68	164	0.9296
2015-04-29	35.42	35.14	35.42	34.91	330	1.0526
2015-04-30	35.56	35.51	35.56	35.42	251	0.3906
2015-05-04	35.1	35.61	35.61	35.1	83	-1.297
2015-05-05	35.7	35.01	35.7	34.96	162	1.7083
2015-05-06	35.61	35.51	35.61	35.33	1453	-0.2584
2015-05-07	35.65	35.7	35.7	35.51	88	0.1295
2015-05-08	35.61	35.65	35.65	35.38	111	-0.1294
2015-05-11	35.7	35.65	35.74	35.47	110	0.2591
2015-05-12	35.47	35.42	35.79	35.1	1127	-0.6459999999999999
2015-05-13	34.91	35.47	35.47	34.91	60	-1.5605
2015-05-14	34.91	34.87	35.1	34.73	90	0.0
2015-05-15	34.91	34.68	35.24	34.68	62	0.0
2015-05-18	34.73	34.91	34.96	34.68	74	-0.5284
2015-05-19	34.78	34.73	34.82	34.54	111	0.1328
2015-05-20	34.54	34.73	34.78	34.5	110	-0.6631
2015-05-21	34.04	34.41	34.54	33.95	178	-1.4686
2015-05-22	33.95	34.04	34.04	33.9	69	-0.271
2015-05-25	33.76	33.58	33.99	33.48	123	-0.5435
2015-05-26	33.9	33.67	33.9	33.12	54	0.4098
2015-05-27	34.59	33.95	34.78	33.81	124	2.0408
2015-05-28	34.59	34.59	34.59	34.22	89	0.0
2015-05-29	34.5	34.59	34.59	34.22	266	-0.2667
2015-06-01	34.78	34.5	34.82	34.5	49	0.8021
2015-06-02	34.54	34.64	34.78	34.54	69	-0.6631
2015-06-03	34.54	34.59	34.68	34.54	99	0.0
2015-06-04	34.54	34.59	34.78	34.45	177	0.0
2015-06-05	34.22	34.59	34.59	34.22	150	-0.9346
2015-06-08	34.22	34.22	34.36	33.76	186	0.0
2015-06-09	33.67	34.41	34.41	33.67	69	-1.6173
2015-06-10	33.81	33.81	34.08	33.71	68	0.41100000000000003
2015-06-11	33.67	34.04	34.04	33.58	187	-0.4093
2015-06-12	33.53	33.67	33.85	33.48	94	-0.41100000000000003
2015-06-15	33.67	33.48	33.81	33.44	57	0.4127
2015-06-16	33.48	33.85	33.85	33.44	124	-0.5479
2015-06-17	33.71	33.53	33.71	33.39	223	0.6887
2015-06-18	33.71	33.76	33.76	33.35	181	0.0
2015-06-22	33.48	33.71	33.71	33.48	89	-0.684
2015-06-23	33.44	33.48	33.71	33.44	172	-0.1377
2015-06-24	33.58	33.67	33.67	33.53	51	0.4138
2015-06-25	33.67	33.76	33.76	33.58	76	0.2747
2015-06-26	33.53	33.71	33.85	33.53	66	-0.41100000000000003
2015-06-29	33.39	33.53	33.58	33.39	74	-0.4127
2015-06-30	33.58	33.95	33.95	33.58	72	0.5525
2015-07-01	33.67	33.58	33.71	33.58	94	0.2747
2015-07-02	33.48	34.04	34.04	33.48	105	-0.5479
2015-07-03	33.3	33.58	33.58	33.3	101	-0.551
2015-07-06	32.47	33.35	33.39	32.47	211	-2.4931
2015-07-07	32.79	32.47	32.84	32.47	55	0.9943
2015-07-08	32.42	32.84	32.98	31.82	106	-1.1252
2015-07-09	32.47	32.75	32.75	32.19	70	0.1422
2015-07-13	32.47	32.47	32.56	32.42	71	0.0
2015-07-14	32.19	32.52	32.56	32.19	138	-0.8523
2015-07-15	31.82	32.28	32.28	31.64	146	-1.1461
2015-07-16	32.28	31.82	32.28	31.69	90	1.4493
2015-07-17	31.73	32.19	32.38	31.73	166	-1.7143
2015-07-20	31.73	31.82	32.01	31.64	54	0.0
2015-07-21	31.59	31.78	31.82	31.59	54	-0.436
2015-07-22	31.55	31.64	31.69	31.55	43	-0.146
2015-07-23	32.01	31.64	32.01	31.59	119	1.462
2015-07-24	31.73	31.87	31.87	31.69	88	-0.8646
2015-07-27	31.73	31.73	32.01	31.55	457	0.0
2015-07-28	31.69	31.73	32.28	31.5	638	-0.1453
2015-07-29	31.11	30.68	31.54	30.68	243	-1.7467
2015-07-30	31.78	31.02	32.16	30.68	134	2.1505
2015-07-31	31.45	32.59	32.59	31.06	96	-1.0526
2015-08-03	30.97	31.45	31.45	30.73	96	-1.5198
2015-08-04	30.87	30.97	30.97	30.83	474	-0.3086
2015-08-05	30.97	30.87	31.16	30.87	104	0.3096
2015-08-06	31.26	31.16	31.92	31.11	99	0.9259
2015-08-07	31.45	31.35	31.64	31.35	79	0.6116
2015-08-10	31.64	31.54	31.88	31.3	184	0.6079
2015-08-11	31.06	31.64	31.64	30.97	159	-1.8127
2015-08-12	31.92	31.35	32.5	31.21	152	2.7692
2015-08-13	32.74	33.41	33.41	31.97	251	2.5449
2015-08-14	33.12	32.78	33.41	32.78	178	1.1679
2015-08-17	33.07	33.12	33.36	33.02	118	-0.1443
2015-08-18	33.88	34.07	34.07	33.12	196	2.4566
2015-08-19	33.55	33.88	33.93	33.45	231	-0.9873
2015-08-20	33.6	33.55	33.79	33.55	134	0.1425
2015-08-21	33.88	33.6	33.93	33.45	266	0.8535
2015-08-24	32.98	34.36	34.36	31.26	556	-2.6798
2015-08-25	32.21	32.5	32.93	32.02	226	-2.3188
2015-08-26	31.69	32.21	32.21	31.64	160	-1.632
2015-08-27	31.64	31.69	32.26	31.64	185	-0.1508
2015-08-28	31.69	31.83	32.64	31.64	182	0.1511
2015-08-31	31.69	31.83	31.83	31.3	148	0.0
2015-09-01	32.31	31.69	32.98	31.69	798	1.9608
2015-09-02	32.4	32.31	32.4	32.16	40	0.2959
2015-09-03	32.4	32.5	32.5	31.97	48	0.0
2015-09-04	32.07	32.93	33.07	32.02	126	-1.0324
2015-09-07	32.07	32.07	32.07	31.83	34	0.0
2015-09-08	32.02	32.02	32.07	31.78	84	-0.149
2015-09-09	32.35	32.12	32.45	32.12	71	1.0448
2015-09-10	32.98	32.16	33.45	32.02	138	1.9202
2015-09-11	32.4	32.98	32.98	31.64	132	-1.7391
2015-09-14	32.12	32.59	32.59	31.83	80	-0.885
2015-09-15	32.02	32.12	32.16	31.92	98	-0.2976
2015-09-16	32.12	32.31	32.31	31.97	75	0.2985
2015-09-17	32.12	32.4	32.59	32.12	352	0.0
2015-09-18	29.44	32.12	32.31	29.44	4695	-8.3333
2015-09-21	30.73	30.16	31.02	30.01	628	4.3831
2015-09-22	30.83	30.39	30.92	30.39	220	0.311
2015-09-23	30.3	30.44	30.68	30.3	187	-1.7054
2015-09-24	30.01	30.63	30.63	30.01	235	-0.9464
2015-09-25	30.39	30.11	30.39	30.11	79	1.2739
2015-09-30	29.96	30.16	30.16	29.92	193	-1.4151
2015-10-01	30.3	29.96	30.49	29.96	87	1.1164
2015-10-02	30.2	30.39	30.54	30.2	95	-0.3155
2015-10-05	30.3	30.25	30.59	30.25	66	0.3165
2015-10-06	30.3	30.87	30.87	30.3	93	0.0
2015-10-07	30.2	30.39	30.39	30.2	88	-0.3155
2015-10-08	30.44	30.3	30.54	30.3	82	0.7911
2015-10-12	30.35	30.49	30.49	30.3	93	-0.314
2015-10-13	30.2	30.35	30.49	30.2	123	-0.4724
2015-10-14	30.25	30.25	30.54	30.16	69	0.1582
2015-10-15	30.49	30.25	30.49	30.25	60	0.7899
2015-10-16	30.35	30.54	30.59	30.25	71	-0.4702
2015-10-19	29.87	30.11	30.25	29.87	171	-1.5748
2015-10-20	30.44	29.87	30.44	29.87	58	1.92
2015-10-21	31.02	30.59	31.02	30.49	181	1.8838
2015-10-22	30.78	31.06	31.06	30.78	59	-0.7704
2015-10-23	30.87	30.87	30.87	30.59	64	0.3106
2015-10-26	30.87	31.06	31.06	30.83	30	0.0
2015-10-27	30.68	30.87	30.87	30.68	37	-0.6192
2015-10-28	30.39	30.87	30.87	30.39	61	-0.9346
2015-10-29	30.44	30.49	30.54	30.39	40	0.1572
2015-10-30	30.49	30.39	30.49	30.11	39	0.157
2015-11-02	30.59	30.59	30.59	30.39	27	0.3135
2015-11-03	30.59	30.44	30.59	30.44	22	0.0
2015-11-04	31.11	30.59	31.11	30.49	121	1.7187
2015-11-05	31.16	31.83	32.02	30.92	61	0.1536
2015-11-06	30.83	31.16	31.16	30.83	34	-1.0736
2015-11-09	31.06	30.83	31.06	30.83	32	0.7752
2015-11-10	31.06	30.97	31.11	30.92	36	0.0
2015-11-11	30.87	31.06	31.06	30.87	33	-0.6154
2015-11-12	30.78	30.87	30.87	30.78	34	-0.3096
2015-11-13	30.68	30.78	30.78	30.68	27	-0.3106
2015-11-16	30.59	30.68	30.83	30.59	67	-0.3115
2015-11-17	30.63	30.59	30.73	30.59	25	0.1562
2015-11-18	30.59	30.68	30.68	30.54	44	-0.156
2015-11-19	30.54	30.59	30.68	29.63	155	-0.1563
2015-11-20	30.68	30.54	30.68	30.35	34	0.4695
2015-11-23	30.49	30.54	30.68	30.39	51	-0.6231
2015-11-24	30.39	30.3	30.49	30.25	46	-0.3135
2015-11-25	30.01	30.2	30.2	29.92	111	-1.2579
2015-11-26	30.01	30.01	30.16	29.92	88	0.0
2015-11-27	30.11	30.01	30.2	29.92	95	0.3185
2015-11-30	29.96	30.11	30.11	29.96	79	-0.4762
2015-12-01	30.16	29.96	30.2	29.96	24	0.638
2015-12-02	30.16	30.16	30.2	30.11	26	0.0
2015-12-03	30.2	30.16	30.35	30.16	13	0.1585
2015-12-04	30.16	30.2	30.35	30.01	53	-0.1582
2015-12-07	30.2	30.16	30.2	30.16	11	0.1585
2015-12-08	30.16	30.2	30.2	30.11	7	-0.1582
2015-12-09	30.11	30.16	30.2	30.01	25	-0.1585
2015-12-10	30.06	30.11	30.11	29.96	62	-0.1587
2015-12-11	29.96	30.06	30.11	29.96	41	-0.318
2015-12-14	29.92	29.96	29.96	29.63	79	-0.1595
2015-12-15	29.68	30.01	30.01	29.68	151	-0.7987
2015-12-16	29.73	30.11	30.11	29.53	91	0.161
2015-12-17	29.92	30.35	30.35	29.87	71	0.6431
2015-12-18	29.96	29.92	30.3	29.82	49	0.1597
2015-12-21	30.2	30.44	30.44	29.96	55	0.7974
2015-12-22	30.06	30.2	30.35	29.96	59	-0.4747
2015-12-23	30.01	30.06	30.2	29.96	48	-0.159
2015-12-24	30.06	30.01	30.11	30.01	34	0.1592
2015-12-25	30.3	30.06	30.54	30.06	512	0.7949
2015-12-28	29.87	30.3	30.3	29.77	79	-1.4196
2015-12-29	29.82	29.87	30.11	29.77	101	-0.16
2015-12-30	30.39	29.82	30.39	29.73	58	1.9231
2015-12-31	29.96	30.3	30.44	29.96	25	-1.4151
2016-01-04	30.01	30.11	30.11	29.82	49	0.1595
2016-01-05	29.87	30.01	30.35	29.82	84	-0.4777
2016-01-06	30.11	30.39	30.39	29.96	51	0.8
2016-01-07	29.96	30.06	30.06	29.82	20	-0.4762
2016-01-08	30.06	29.96	30.11	29.92	19	0.319
2016-01-11	30.01	30.06	30.11	29.87	29	-0.159
2016-01-12	30.06	30.06	30.11	29.92	37	0.1592
2016-01-13	30.25	30.01	30.25	29.87	75	0.6359
2016-01-14	30.25	30.16	30.35	30.01	65	0.0
2016-01-15	30.2	30.35	30.35	30.11	33	-0.158
2016-01-18	30.11	30.2	30.2	30.11	5	-0.3165
2016-01-19	30.3	30.3	30.3	30.11	30	0.6349
2016-01-20	30.35	30.3	30.35	30.3	6	0.1577
2016-01-21	30.16	30.3	30.3	30.16	14	-0.6299
2016-01-22	30.11	30.11	30.11	30.11	11	-0.1585
2016-01-25	30.59	30.16	30.59	30.11	69	1.5873
2016-01-26	31.06	30.49	31.06	30.49	118	1.5625
2016-01-27	31.26	31.73	31.92	31.26	280	0.6154
2016-01-28	31.73	32.31	32.31	31.54	143	1.5291
2016-01-29	31.83	31.83	32.07	31.78	56	0.3012
2016-01-30	32.12	31.83	32.12	31.78	29	0.9009
2016-02-01	32.02	32.12	32.12	31.88	43	-0.2976
2016-02-02	32.07	32.07	32.21	32.02	70	0.1493
2016-02-03	32.07	32.07	32.26	32.02	78	0.0
2016-02-15	32.21	31.83	32.21	31.78	61	0.4471
2016-02-16	32.21	32.21	32.4	32.21	82	0.0
2016-02-17	32.26	32.26	32.31	32.21	57	0.1484
2016-02-18	32.59	32.26	32.93	32.26	129	1.037
2016-02-19	32.78	32.59	32.78	32.5	85	0.5865
2016-02-22	33.02	32.78	33.26	32.78	118	0.7289
2016-02-23	33.26	33.26	33.31	33.12	67	0.7236
2016-02-24	33.45	33.45	33.45	33.26	93	0.5747
2016-02-25	33.6	33.45	33.69	33.45	90	0.4286
2016-02-26	34.41	33.6	34.55	33.6	188	2.4182
2016-03-01	34.79	34.46	35.08	34.46	143	1.1111
2016-03-02	34.41	34.89	35.17	34.41	150	-1.0989
2016-03-03	33.64	34.41	34.5	33.55	210	-2.2222
2016-03-04	33.93	33.64	33.93	33.64	59	0.8523
2016-03-07	34.41	34.03	34.41	33.93	113	1.4085
2016-03-08	34.27	34.6	34.7	33.93	136	-0.4167
2016-03-09	34.07	34.27	34.41	34.03	49	-0.5579
2016-03-10	33.84	34.07	34.17	33.79	46	-0.7013
2016-03-11	34.17	34.41	34.41	33.93	74	0.9887
2016-03-14	34.27	34.41	34.41	34.17	55	0.2797
2016-03-15	34.12	34.27	34.27	34.03	46	-0.4184
2016-03-16	34.07	33.93	34.07	33.93	69	-0.1401
2016-03-17	33.74	34.07	34.07	33.74	44	-0.9818
2016-03-18	33.98	33.55	34.36	33.55	34	0.7082
2016-03-21	33.93	34.31	34.41	33.93	50	-0.1406
2016-03-22	33.36	33.5	33.93	33.36	59	-1.6901
2016-03-23	33.31	33.41	33.84	32.98	45	-0.1433
2016-03-24	34.03	33.74	34.41	33.31	156	2.1521
2016-03-25	33.74	34.31	34.31	33.69	63	-0.8427
2016-03-28	34.03	34.22	34.41	33.84	50	0.8499
2016-03-29	33.6	34.03	34.03	33.6	54	-1.264
2016-03-30	33.74	33.31	33.88	33.17	49	0.4267
2016-03-31	33.74	33.45	33.74	33.36	25	0.0
2016-04-01	33.5	33.74	33.93	33.5	22	-0.7082
2016-04-06	33.41	33.69	33.74	33.26	66	-0.2853
2016-04-07	33.5	33.45	33.55	33.41	27	0.2861
2016-04-08	33.55	33.5	33.74	33.5	44	0.1427
2016-04-11	33.98	33.64	34.12	33.6	102	1.2821
2016-04-12	34.12	34.07	34.17	33.93	121	0.4219
2016-04-13	33.84	34.17	34.41	33.69	229	-0.8403
2016-04-14	34.12	34.89	34.89	34.03	151	0.8475
2016-04-15	34.12	34.12	34.12	33.26	68	0.0
2016-04-18	33.31	33.55	34.12	33.31	206	-2.381
2016-04-19	33.84	34.07	34.07	33.45	248	1.5782
2016-04-20	33.55	33.84	33.84	33.45	341	-0.8475
2016-04-21	33.6	33.55	33.74	33.45	153	0.1425
2016-04-22	33.45	33.45	33.45	32.98	100	-0.4267
2016-04-25	33.84	33.45	33.98	33.45	53	1.1429
2016-04-26	33.5	33.45	33.88	32.98	65	-0.9887
2016-04-27	33.84	33.07	33.88	33.07	141	0.9986
2016-04-28	33.64	33.6	33.88	32.69	62	-0.565
2016-04-29	33.31	33.45	33.45	33.07	71	-0.9943
2016-05-03	33.26	33.31	33.69	32.74	70	-0.1435
2016-05-04	33.45	33.45	33.55	33.12	54	0.5747
2016-05-05	33.31	33.02	33.55	33.02	74	-0.4286
2016-05-06	33.36	33.17	33.55	33.17	39	0.1435
2016-05-09	33.21	33.36	33.36	33.07	135	-0.4298
2016-05-10	32.78	33.02	33.21	32.78	228	-1.295
2016-05-11	32.4	32.88	32.88	32.4	155	-1.1662
2016-05-12	31.49	32.12	32.12	31.49	207	-2.8024
2016-05-13	30.73	31.16	31.16	30.3	403	-2.4279
2016-05-16	30.2	30.59	30.59	30.2	292	-1.7107
2016-05-17	30.11	30.3	30.3	30.01	260	-0.3165
2016-05-18	29.73	30.11	30.11	29.73	345	-1.2698
2016-05-19	29.39	29.77	29.92	29.34	341	-1.1254
2016-05-20	29.2	29.58	29.73	29.15	259	-0.6504
2016-05-23	29.25	29.2	29.3	29.01	410	0.1637
2016-05-24	29.1	29.3	29.3	29.06	354	-0.4902
2016-05-25	29.87	29.25	29.92	29.25	458	2.6273
2016-05-26	29.77	29.87	29.87	29.63	257	-0.32
2016-05-27	29.77	29.73	29.92	29.63	202	0.0
2016-05-30	31.4	29.82	31.54	29.73	914	5.4575
2016-05-31	30.25	31.45	31.73	29.15	3286	-3.653
2016-06-01	30.35	30.39	30.59	29.82	511	0.316
2016-06-02	30.2	30.39	30.49	30.16	471	-0.4724
2016-06-03	30.2	30.25	30.39	30.11	207	0.0
2016-06-04	30.49	30.25	30.59	30.25	277	0.9494
2016-06-06	30.35	30.68	30.68	30.2	322	-0.4702
2016-06-07	30.44	30.44	30.68	30.39	407	0.315
2016-06-08	30.59	30.44	30.59	30.3	211	0.47100000000000003
2016-06-13	30.3	30.68	30.68	30.3	154	-0.9375
2016-06-14	30.35	30.01	30.59	30.01	247	0.1577
2016-06-15	30.39	30.39	30.49	30.2	157	0.1575
2016-06-16	30.44	30.3	30.68	30.3	377	0.1572
2016-06-17	30.44	30.68	30.68	30.35	218	0.0
2016-06-20	31.21	30.73	31.54	30.63	525	2.5118
2016-06-21	31.16	31.54	31.54	31.06	286	-0.1531
2016-06-22	31.16	31.26	31.45	31.02	274	0.0
2016-06-23	31.26	31.16	31.4	31.16	181	0.3067
2016-06-24	30.49	31.35	31.35	30.3	235	-2.4465
2016-06-27	31.06	30.39	31.35	30.3	243	1.8809
2016-06-28	30.78	30.63	31.16	30.63	100	-0.9231
2016-06-29	31.11	31.11	31.64	31.02	260	1.087
2016-06-30	31.21	31.54	31.73	31.11	171	0.3072
2016-07-01	31.45	31.54	31.54	31.21	145	0.7657
2016-07-04	31.3	31.45	31.45	31.26	67	-0.4559
2016-07-05	31.3	31.4	31.4	31.3	104	0.0
2016-07-06	31.21	31.3	31.3	30.97	122	-0.3053
2016-07-07	31.4	31.11	31.54	31.11	82	0.6126
2016-07-11	31.35	31.64	31.64	31.3	89	-0.1522
2016-07-12	31.49	31.54	31.64	31.4	147	0.4573
2016-07-13	31.4	31.4	31.49	31.35	75	-0.3035
2016-07-14	31.45	31.54	31.54	31.3	111	0.1522
2016-07-15	31.54	31.35	31.54	31.35	226	0.304
2016-07-18	31.69	31.49	31.69	31.45	339	0.4545
2016-07-19	31.64	31.64	31.73	31.54	323	-0.1508
2016-07-20	31.78	31.54	31.83	31.54	163	0.4532
2016-07-21	31.88	31.78	31.92	31.69	178	0.3008
2016-07-22	31.73	31.92	31.92	31.69	146	-0.4498
2016-07-25	31.97	31.73	32.02	31.73	189	0.753
2016-07-26	32.69	32.02	32.74	32.02	694	2.2422
2016-07-27	32.45	32.78	32.78	32.31	529	-0.731
2016-07-28	32.9	32.65	33.05	32.5	297	1.3255
2016-07-29	32.65	32.9	33.0	32.65	128	-0.7599
2016-08-01	32.75	32.5	32.75	32.5	113	0.3063
2016-08-02	32.7	32.75	32.85	32.55	80	-0.1527
2016-08-03	32.5	32.55	32.7	32.15	73	-0.6116
2016-08-04	32.2	32.5	32.5	32.15	138	-0.9231
2016-08-05	32.45	32.2	32.55	32.0	74	0.7764
2016-08-08	32.85	32.45	32.85	32.05	151	1.2327
2016-08-09	32.6	32.85	32.85	32.45	63	-0.7609999999999999
2016-08-10	32.5	32.4	32.55	32.2	111	-0.3067
2016-08-11	32.6	32.5	32.6	32.3	157	0.3077
2016-08-12	33.25	34.5	34.5	33.1	681	1.9939
2016-08-15	33.2	33.5	33.6	33.2	168	-0.1504
2016-08-16	32.8	33.25	33.25	32.8	114	-1.2048
2016-08-17	33.55	33.0	33.8	32.9	329	2.2866
2016-08-18	33.3	33.55	33.55	33.2	160	-0.7452
2016-08-19	32.9	33.2	33.4	32.85	143	-1.2012
2016-08-22	32.4	32.9	32.9	32.0	275	-1.5198
2016-08-23	33.1	32.4	33.4	32.4	174	2.1605
2016-08-24	32.9	33.65	33.65	32.55	121	-0.6042
2016-08-25	32.95	33.3	33.3	32.65	46	0.152
2016-08-26	32.7	32.95	32.95	32.5	83	-0.7587
2016-08-29	32.7	32.75	32.8	32.4	165	0.0
2016-08-30	32.6	32.8	32.95	32.4	111	-0.3058
2016-08-31	32.7	32.6	33.15	32.6	253	0.3067
2016-09-01	32.6	32.7	33.0	32.6	136	-0.3058
2016-09-02	32.4	32.9	32.9	32.4	72	-0.6135
2016-09-05	32.5	32.9	33.0	32.4	136	0.3086
2016-09-06	32.35	32.5	32.5	32.3	90	-0.4615
2016-09-07	32.35	32.35	32.65	32.25	187	0.0
2016-09-08	32.5	32.4	32.5	32.35	59	0.4637
2016-09-09	32.9	32.7	33.0	32.65	205	1.2308
2016-09-10	33.35	32.9	33.75	32.5	613	1.3678
2016-09-12	33.0	33.35	33.45	32.95	220	-1.0495
2016-09-13	33.1	33.3	33.4	32.2	193	0.303
2016-09-14	32.45	33.0	33.0	32.45	179	-1.9637
2016-09-19	32.55	32.4	32.6	32.05	163	0.3082
2016-09-20	32.6	32.55	32.65	32.5	93	0.1536
2016-09-21	32.8	32.6	32.9	32.55	153	0.6135
2016-09-22	32.5	32.8	32.85	32.45	147	-0.9146
2016-09-23	32.25	32.5	32.65	32.25	282	-0.7692
2016-09-26	32.45	32.8	32.8	32.3	64	0.6202
2016-09-29	32.35	32.45	33.0	32.2	132	-0.3082
2016-09-30	32.25	32.35	32.4	32.15	108	-0.3091
2016-10-03	32.15	32.3	32.35	32.15	99	-0.3101
2016-10-04	32.25	32.15	32.35	32.15	40	0.311
2016-10-05	32.3	32.25	32.55	32.1	58	0.155
2016-10-06	32.3	32.3	32.5	32.3	34	0.0
2016-10-07	32.2	32.25	32.25	32.1	54	-0.3096
2016-10-11	32.05	32.25	32.25	31.9	270	-0.4658
2016-10-12	32.05	32.05	32.1	32.0	67	0.0
2016-10-13	31.9	32.05	32.15	31.9	120	-0.46799999999999997
2016-10-14	32.15	32.4	32.4	32.0	94	0.7837
2016-10-17	32.25	32.2	32.25	32.1	30	0.311
2016-10-18	32.05	32.25	32.3	32.05	82	-0.6202
2016-10-19	32.05	32.05	32.1	32.0	125	0.0
2016-10-20	32.55	32.05	32.6	32.05	136	1.5601
2016-10-21	32.45	32.55	32.65	32.35	154	-0.3072
2016-10-24	32.5	32.45	32.55	32.3	96	0.1541
2016-10-25	32.45	32.5	32.5	32.4	49	-0.1538
2016-10-26	32.45	32.45	32.5	32.25	58	0.0
2016-10-27	32.35	32.45	32.5	32.25	58	-0.3082
2016-10-28	32.2	32.35	32.35	32.2	25	-0.4637
2016-10-31	32.3	32.2	32.35	32.1	39	0.3106
2016-11-01	32.1	32.3	32.45	32.1	119	-0.6192
2016-11-02	32.1	32.1	32.5	32.1	95	0.0
2016-11-03	32.15	32.1	32.2	32.05	53	0.1558
2016-11-04	32.2	32.1	32.4	32.05	42	0.1555
2016-11-07	32.1	32.25	32.3	32.1	48	-0.3106
2016-11-08	32.15	32.1	32.25	32.0	45	0.1558
2016-11-09	31.8	32.45	32.45	31.8	161	-1.0886
2016-11-10	32.1	31.9	32.2	31.9	88	0.9434
2016-11-11	32.2	32.2	32.45	31.9	136	0.3115
2016-11-14	32.1	32.2	32.2	32.05	64	-0.3106
2016-11-15	32.1	32.05	32.2	32.0	77	0.0
2016-11-16	32.2	32.5	32.5	32.05	56	0.3115
2016-11-17	32.25	32.2	32.4	32.2	58	0.1553
2016-11-18	32.35	32.25	32.4	32.25	63	0.3101
2016-11-21	32.1	32.4	32.4	32.1	83	-0.7728
2016-11-22	32.3	32.1	32.4	32.05	69	0.6231
2016-11-23	32.3	32.1	32.3	32.1	83	0.0
2016-11-24	32.3	32.3	32.4	32.2	27	0.0
2016-11-25	32.3	32.3	32.4	32.25	51	0.0
2016-11-28	32.4	32.3	32.4	32.2	110	0.3096
2016-11-29	32.3	32.5	32.5	32.25	36	-0.3086
2016-11-30	32.4	32.3	32.4	32.25	45	0.3096
2016-12-01	32.3	32.4	32.4	32.2	81	-0.3086
2016-12-02	32.35	32.3	32.35	32.1	115	0.1548
2016-12-05	32.2	32.35	32.35	32.2	132	-0.4637
2016-12-06	32.35	32.25	32.35	32.2	74	0.4658
2016-12-07	32.4	32.35	32.5	32.35	100	0.1546
2016-12-08	32.5	32.3	32.5	32.3	72	0.3086
2016-12-09	32.55	32.6	32.6	32.45	94	0.1538
2016-12-12	32.6	32.6	32.6	32.45	148	0.1536
2016-12-13	32.55	32.6	32.6	32.5	132	-0.1534
2016-12-14	32.55	32.55	32.55	32.45	83	0.0
2016-12-15	32.45	32.45	32.45	32.3	83	-0.3072
2016-12-16	32.45	32.45	32.45	32.35	79	0.0
2016-12-19	32.45	32.35	32.6	32.35	107	0.0
2016-12-20	32.65	32.35	32.7	32.35	83	0.6163
2016-12-21	32.65	32.4	32.8	32.4	55	0.0
2016-12-22	32.5	32.5	32.75	32.5	5	-0.4594
2016-12-23	32.45	32.35	32.5	32.35	14	-0.1538
2016-12-26	32.45	32.45	32.6	32.35	20	0.0
2016-12-27	32.45	32.35	32.6	32.35	14	0.0
2016-12-28	32.5	32.35	32.5	32.35	21	0.1541
2016-12-29	32.35	32.35	32.5	32.35	27	-0.4615
2016-12-30	32.3	32.35	32.4	32.2	96	-0.1546
