Date	Hon Hai Precision	TSMC         	Uni-President
2014-01-02	0.3745	-0.9479	0.5587
2014-01-03	-1.2438	-1.9139	-0.9259
2014-01-06	-0.5038	0.0	0.0
2014-01-07	0.0	-0.4878	-0.1869
2014-01-08	0.6329	1.9608	-0.3745
2014-01-09	1.2579	-2.8846	-1.6917
2014-01-10	0.8696	0.9901	-0.1912
2014-01-13	0.7389	0.9804	0.0
2014-01-14	0.6112	0.4854	-0.1916
2014-01-15	1.2151	1.4493	0.0
2014-01-16	0.7203	1.9048	-0.9597
2014-01-17	-0.1192	0.4673	-0.3876
2014-01-20	1.6706	0.0	-0.5837
2014-01-21	-0.8216	-0.9302	-0.7828
2014-01-22	-0.355	0.939	-1.1834
2014-01-23	-0.3563	0.0	0.1996
2014-01-24	1.3111	0.4651	0.0
2014-01-27	-0.1176	-2.7778	-0.3984
2014-02-05	-4.2403	-4.2857	-3.2
2014-02-06	0.738	1.4925	-1.6529
2014-02-07	-0.6105	1.9608	1.2605
2014-02-10	0.3686	-0.9615	0.0
2014-02-11	-1.5912	1.4563	0.8299
2014-02-12	2.3632	0.4785	-0.6173
2014-02-13	0.486	0.0	-1.3458
2014-02-14	0.9674	2.381	2.6233
2014-02-17	0.0	0.9302	0.818
2014-02-18	0.3593	-0.4608	1.4199
2014-02-19	0.2387	0.0	0.0
2014-02-20	-1.4286	-1.3889	-2.0
2014-02-21	1.087	0.939	1.9388
2014-02-24	-1.1947	-0.4651	-0.3003
2014-02-25	0.1209	0.9346	-0.502
2014-02-26	0.9662	-0.463	0.9082
2014-02-27	0.4785	0.4651	1.2
2014-03-03	-1.0714	0.0	-1.2846
2014-03-04	-0.361	-0.463	-0.5005
2014-03-05	0.2415	2.3256	0.6036
2014-03-06	1.6867	2.7273	1.2
2014-03-07	0.3555	1.3274	-0.5929
2014-03-10	-0.1181	-1.31	0.994
2014-03-11	-0.4728	0.885	-0.3937
2014-03-12	0.5938	-0.8772	0.1976
2014-03-13	1.6529	3.0973	0.789
2014-03-14	-0.6969	-1.2876	2.9354
2014-03-17	1.4035	-0.8696	0.0
2014-03-18	-0.8074	0.4386	-0.7605
2014-03-19	-0.814	0.0	-0.9579
2014-03-20	-1.0551	-2.1834	-2.5145
2014-03-21	0.3555	0.4464	-0.3968
2014-03-24	1.5348	0.0	0.1992
2014-03-25	-0.3488	0.8889	0.3976
2014-03-26	0.3501	1.7621	1.7822
2014-03-27	0.3488	0.4329	0.5837
2014-03-28	0.0	1.2931	0.5803
2014-03-31	0.0	0.8511	1.9231
2014-04-01	-0.1159	0.8439	-2.2642
2014-04-02	0.0	0.4184	-0.9653
2014-04-03	0.0	-1.25	0.0
2014-04-07	0.116	-0.8439	-0.3899
2014-04-08	0.1159	1.2766	-0.1957
2014-04-09	0.1157	0.0	0.1961
2014-04-10	0.3468	0.4202	0.9785
2014-04-11	-0.8065	0.4184	-1.1628
2014-04-14	0.5807	0.4167	0.5882
2014-04-15	0.6928	1.6598	-0.3899
2014-04-16	0.344	-1.2245	0.1957
2014-04-17	0.4571	-0.8264	-0.3906
2014-04-18	0.1138	2.5	0.0
2014-04-21	-0.1136	-1.2195	0.3922
2014-04-22	-0.1138	0.0	0.3906
2014-04-23	0.9112	-0.4115	2.1401
2014-04-24	0.0	0.0	-0.9524
2014-04-25	-1.8059	-2.0661	-0.9615
2014-04-28	-0.6897	0.4219	-0.1942
2014-04-29	1.6204	1.2605	0.1946
2014-04-30	-1.3667	-1.6598	-0.7767
2014-05-02	2.5404	-0.4219	0.7828
2014-05-05	-0.1126	-0.8475	0.0
2014-05-06	0.3382	0.8547	-0.7767
2014-05-07	-0.2247	0.4237	-0.1957
2014-05-08	0.3378	0.8439	0.9804
2014-05-09	0.3367	0.4184	-0.1942
2014-05-12	-1.9016	-1.25	-1.5564
2014-05-13	0.2281	1.6878	0.3953
2014-05-14	0.3413	1.2448	1.5748
2014-05-15	0.4535	0.0	0.1938
2014-05-16	0.2257	0.0	0.0
2014-05-19	1.1261	-0.8197	-0.1934
2014-05-20	0.8909	0.0	-0.5814
2014-05-21	-0.6623	-0.4132	0.3899
2014-05-22	2.2222	1.2448	0.9709
2014-05-23	1.087	0.0	0.1923
2014-05-26	-0.5376	0.8197	1.5355
2014-05-27	0.3243	0.4065	-0.189
2014-05-28	0.6466	0.4049	0.3788
2014-05-29	0.1071	-1.6129	0.566
2014-05-30	-1.1765	-2.0492	-1.5009
2014-06-03	0.6494	2.5105	0.9524
2014-06-04	0.1075	0.8163	-1.6981
2014-06-05	-0.2148	-0.4049	0.1919
2014-06-06	0.3229	-0.4065	0.1916
2014-06-09	0.3219	0.4082	0.956
2014-06-10	0.6417	1.2195	0.1894
2014-06-11	-0.3188	0.4016	0.189
2014-06-12	-0.4264	-1.2	0.566
2014-06-13	-0.2141	-0.4049	-0.1876
2014-06-16	-0.5365	0.813	-0.5639
2014-06-17	1.4024	0.8065	-0.189
2014-06-18	0.1064	0.4	0.3788
2014-06-19	-0.2125	0.3984	0.3774
2014-06-20	0.426	-1.1905	-0.3759
2014-06-23	3.4995	-1.2048	-0.3774
2014-06-24	0.6148	0.0	0.1894
2014-06-25	-1.7312	0.4065	0.7561
2014-06-26	2.0725	0.8097	0.5629
2014-06-27	0.1015	0.8032	-0.1866
2014-06-30	1.4199	0.7968	0.1869
2014-07-01	2.0	1.1858	-0.3731
2014-07-02	0.9804	3.5156	1.6854
2014-07-03	0.9709	1.5094	1.2891
2014-07-04	-0.9615	0.3717	1.4545
2014-07-07	0.4854	0.7407	0.3584
2014-07-08	0.9662	-1.1029	0.7143
2014-07-09	0.4785	-0.3717	-0.3546
2014-07-10	3.3333	0.3731	1.4235
2014-07-11	0.4608	1.487	-1.2281
2014-07-14	0.9174	-0.7327	-0.7105
2014-07-15	0.9091	0.3774	1.7889
2014-07-16	-3.1532	-1.8797	-2.109
2014-07-17	-0.9302	-4.5977	0.5386
2014-07-18	0.939	-0.8032	0.3571
2014-07-21	2.7907	0.0	0.3559
2014-07-22	-0.4525	0.8097	1.0638
2014-07-24	0.4545	0.4016	-0.5263
2014-07-25	-2.2624	-1.6	-0.3527
2014-07-28	-2.7778	-1.2195	2.4779
2014-07-29	0.0	2.0576	0.5181
2014-07-30	-0.4762	0.4032	0.3436
2014-07-31	-0.9569	-2.8112	-1.7123
2014-08-01	-1.4493	-0.8264	-0.1742
2014-08-04	3.4314	2.9167	-0.6981
2014-08-05	-3.3175	-3.2389	-2.109
2014-08-06	1.4706	0.8368	-1.7953
2014-08-07	0.0	0.8299	1.9598
2014-08-08	-0.9662	-0.823	0.0
2014-08-11	1.4634	0.0	1.5625
2014-08-12	0.4808	0.8299	-0.9615
2014-08-13	1.4354	0.823	1.165
2014-08-14	2.8302	1.2245	0.1919
2014-08-15	-1.3761	0.0	-1.341
2014-08-18	0.0	-0.8065	0.0
2014-08-19	0.9302	0.813	1.3592
2014-08-20	0.0	1.2097	3.0651
2014-08-21	0.0	-0.7968	-0.9294
2014-08-22	1.3825	0.8032	1.5009
2014-08-25	0.4545	-0.3984	-0.7394
2014-08-26	-0.4525	-0.4	1.1173
2014-08-27	1.8182	0.8032	1.105
2014-08-28	3.6071	-0.3984	0.1821
2014-08-29	0.0	-0.8	-0.5455
2014-09-01	-0.4902	3.629	0.1828
2014-09-02	-0.9852	-1.9455	-1.8248
2014-09-03	0.4975	1.5873	0.3717
2014-09-04	-1.0891	-0.3906	0.3704
2014-09-05	0.6006	-0.3922	-1.2915
2014-09-09	1.4925	0.0	0.5607
2014-09-10	-0.9804	-1.5748	-0.9294
2014-09-11	-0.9901	0.0	0.7505
2014-09-12	-0.6	-1.6	-0.5587
2014-09-15	1.6097	0.4065	1.3109
2014-09-16	-1.4851	-0.8097	-2.403
2014-09-17	1.5075	1.6327	1.1364
2014-09-18	0.9901	0.4016	0.1873
2014-09-19	-0.9804	0.0	-0.7477
2014-09-22	-0.495	-2.4	-2.2599
2014-09-23	0.0	0.4098	0.1927
2014-09-24	0.0	0.4082	1.5385
2014-09-25	-0.4975	-0.813	1.3258
2014-09-26	-2.9	-0.8197	0.3738
2014-09-29	0.5149	-0.4132	0.1862
2014-09-30	-1.6393	-0.4149	-1.8587
2014-10-01	2.5	1.25	-0.947
2014-10-02	-0.9146	-0.4115	-1.1472
2014-10-03	1.8462	2.8926	1.1605
2014-10-06	-0.8056	1.2048	-0.5736
2014-10-07	-0.9137	-0.7937	-1.1538
2014-10-08	-0.9221	-2.0	-0.3891
2014-10-09	0.9307	2.0408	-0.1953
2014-10-13	-1.8443	-3.6	-5.3816
2014-10-14	0.2088	0.4149	-0.7239
2014-10-15	-2.6042	0.4132	0.1042
2014-10-16	-1.3904	0.0	1.5609
2014-10-17	-3.4707	1.6461	-1.6393
2014-10-20	4.7191	2.0243	6.875
2014-10-21	0.3219	-0.7937	-1.3645
2014-10-22	0.5348	3.2	-0.1976
2014-10-23	1.0638	-1.1628	3.1683
2014-10-24	-1.8947	-1.5686	-2.3033
2014-10-27	0.8584	1.992	-6.9745
2014-10-28	1.5957	0.0	2.3231
2014-10-29	-0.5236	0.7813	6.9143
2014-10-30	0.2105	-0.3876	-1.1583
2014-10-31	0.8403	1.5564	1.9531
2014-11-03	2.1875	0.3831	-1.1494
2014-11-04	-0.6116	0.7634	-0.3876
2014-11-05	0.7179	0.0	-2.1401
2014-11-06	-2.3422	0.0	2.7833
2014-11-07	0.4171	-0.7576	-0.9671
2014-11-10	2.0768	2.6718	1.1719
2014-11-11	-0.6104	-0.3717	0.0
2014-11-12	-1.74	-1.4925	-2.8958
2014-11-13	2.0833	1.5152	0.0
2014-11-14	-1.2245	0.7463	0.0
2014-11-17	-1.2397	-1.4815	-2.1869
2014-11-18	-0.1046	-1.1278	-0.813
2014-11-19	0.5236	3.4221	0.3074
2014-11-20	0.7292	2.2059	0.0
2014-11-21	-0.4137	-0.3597	1.6343
2014-11-24	0.2077	0.0	0.1005
2014-11-25	-0.1036	0.361	-0.9036
2014-11-26	0.9336	0.0	0.2026
2014-11-27	-0.2055	0.7194	1.1122
2014-11-28	-0.103	1.0714	0.0
2014-12-01	-1.7526	-1.0601	0.0
2014-12-02	-2.7282	-1.7857	-2.0
2014-12-03	1.9417	0.3636	0.3061
2014-12-04	0.8466	0.7246	0.3052
2014-12-05	-2.2036	-1.0791	-1.3185
2014-12-08	-1.3948	0.3636	1.4388
2014-12-09	-2.0675	0.0	0.304
2014-12-10	-0.4444	-1.4493	-0.303
2014-12-11	0.3348	-1.1029	-1.3171
2014-12-12	-0.3337	0.3717	-0.616
2014-12-15	-2.1205	0.7407	0.8264
2014-12-16	-1.9384	-2.2059	-1.4344
2014-12-17	-1.9767	-1.8797	-2.4948
2014-12-18	0.5931	0.7663	1.0661
2014-12-19	0.9434	4.943	1.1603
2014-12-22	2.8037	0.3623	1.3556
2014-12-23	-0.7955	-0.722	-1.0288
2014-12-24	0.5727	0.3636	3.1185
2014-12-25	0.0	-0.3623	-0.4032
2014-12-26	0.2278	1.0909	0.0
2014-12-27	0.4545	-0.3597	0.0
2014-12-29	-0.6787	1.8051	1.1134
2014-12-30	0.0	-0.7092	0.1001
2014-12-31	0.1139	0.7143	0.4
2015-01-05	-0.7964	-1.0638	-1.2948
2015-01-06	-3.0963	-4.3011	-2.7245
2015-01-07	0.8284	0.3745	-0.4149
2015-01-08	1.9953	2.9851	2.2917
2015-01-09	-0.4603	-2.8986	1.5275
2015-01-12	-0.9249	-1.4925	-1.2036
2015-01-13	0.7001	0.3788	2.5381
2015-01-14	-1.1587	-1.8868	-2.1782
2015-01-15	-0.5862	1.1538	2.0243
2015-01-16	-0.8255	4.1825	0.1984
2015-01-19	-0.4756	1.4599	-0.9901
2015-01-20	1.1947	-0.7194	-0.2
2015-01-21	0.7084	2.1739	2.2044
2015-01-22	0.2345	-0.7092	0.3922
2015-01-23	2.6901	3.5714	2.7344
2015-01-26	1.139	0.0	-0.1901
2015-01-27	0.0	1.3793	-0.9524
2015-01-28	-1.0135	-0.3401	-0.3846
2015-01-29	-1.3652	-2.0478	0.1931
2015-01-30	0.0	-1.7422	-2.6975
2015-02-02	-0.2307	1.0638	0.7921
2015-02-03	1.0405	1.4035	0.3929
2015-02-04	0.1144	1.0381	2.3483
2015-02-05	-0.2286	-0.3425	0.7648
2015-02-06	0.0	-1.7182	0.9488
2015-02-09	-0.3436	-0.6993	0.188
2015-02-10	-1.7241	0.3521	-0.5629
2015-02-11	-0.8187	3.8596	0.566
2015-02-12	1.6509	0.3378	0.0
2015-02-13	-0.464	0.0	0.0
2015-02-24	0.0	1.6835	0.5629
2015-02-25	0.5828	2.3179	-0.3731
2015-02-26	0.927	-2.589	-1.1236
2015-03-02	0.0	-0.9967	-0.7576
2015-03-03	-0.9185	1.0067	-0.5725
2015-03-04	2.3175	0.0	2.1113
2015-03-05	0.2265	-0.3322	-1.6917
2015-03-06	0.339	-0.6667	-0.3824
2015-03-09	-1.1261	-2.349	0.5758
2015-03-10	-0.7973	-1.0309	-0.7634
2015-03-11	0.2296	1.3889	0.0
2015-03-12	-0.2291	1.3699	0.1923
2015-03-13	1.0333	0.6757	-0.9597
2015-03-16	-0.7955	-2.0134	-0.969
2015-03-17	0.0	2.0548	-0.1957
2015-03-18	0.6873	3.0201	0.5882
2015-03-19	3.6405	0.3257	0.3899
2015-03-20	2.0856	0.0	0.0
2015-03-23	0.5376	-0.3247	0.9709
2015-03-24	-0.2139	-1.3029	0.0
2015-03-25	1.179	-0.33	-0.3846
2015-03-26	0.0	-3.6424	1.9305
2015-03-27	-1.4831	-2.0619	-1.1364
2015-03-30	1.0753	0.0	0.0
2015-03-31	-2.5532	2.1053	0.3831
2015-04-01	0.1092	-1.0309	-1.5267
2015-04-02	1.6358	2.0833	1.7442
2015-04-07	0.4292	-0.6803	0.5714
2015-04-08	0.1068	-2.0548	-0.5682
2015-04-09	-0.7471	0.0	0.5714
2015-04-10	0.1075	2.7972	0.5682
2015-04-13	-0.2148	0.0	-0.3766
2015-04-14	0.9688	-2.0408	-2.6465
2015-04-15	-1.8124	-0.6944	-1.3592
2015-04-16	1.3029	2.7972	1.378
2015-04-17	-1.0718	-3.0612	-1.3592
2015-04-20	0.5417	0.3509	-0.5906
2015-04-21	-0.7543	-0.3497	0.396
2015-04-22	-0.1086	0.7018	-0.5917
2015-04-23	1.413	2.439	0.5952
2015-04-24	1.3934	3.7415	0.1972
2015-04-27	0.1057	-0.6557	0.7874
2015-04-28	-1.1616	0.0	-0.3906
2015-04-29	-1.6026	-1.9802	0.0
2015-04-30	-0.1086	-1.0101	-1.3725
2015-05-04	1.1957	0.3401	0.0
2015-05-05	0.0	-0.339	0.0
2015-05-06	-0.1074	0.3401	-0.1988
2015-05-07	-0.9677	-0.678	-0.5976
2015-05-08	0.6515	0.0	0.2004
2015-05-11	0.5394	1.3652	0.0
2015-05-12	-0.5365	-0.6734	4.2
2015-05-13	1.9417	0.339	1.7274
2015-05-14	-0.8466	-1.3514	2.4528
2015-05-15	-0.6403	0.3425	-0.3683
2015-05-18	3.9742	0.0	1.6636
2015-05-19	1.6529	0.0	-1.0909
2015-05-20	-0.9146	0.0	0.3676
2015-05-21	-0.5128	-0.6826	-0.9158
2015-05-22	-0.5155	0.0	0.0
2015-05-25	0.4145	1.3746	-0.1848
2015-05-26	0.516	-0.678	-0.3704
2015-05-27	0.0	-1.0239	0.7435
2015-05-28	0.924	1.3793	1.107
2015-05-29	0.8138	-0.6803	-0.1825
2015-06-01	-1.8163	-0.6849	-1.4625
2015-06-02	0.5139	-0.6897	1.6698
2015-06-03	-0.818	-0.6944	-1.2774
2015-06-04	-2.5773	-1.3986	-0.7394
2015-06-05	-0.2116	-0.7092	-0.9311
2015-06-08	0.6363	-1.0714	0.188
2015-06-09	-1.7914	0.361	-2.8143
2015-06-10	2.5751	0.3597	3.4749
2015-06-11	0.2092	2.8674	-1.4925
2015-06-12	-0.8351	0.6969	-1.1364
2015-06-15	-1.0526	-1.0381	0.7663
2015-06-16	0.8511	-0.6993	1.3308
2015-06-17	-0.4219	0.3521	-1.5009
2015-06-18	0.2119	-0.3509	-0.7619
2015-06-22	2.7484	0.0	0.5758
2015-06-23	-0.1029	1.7606	-0.5725
2015-06-24	0.5149	0.346	0.9597
2015-06-25	1.4344	1.0345	2.6616
2015-06-26	0.202	-0.3413	-0.3704
2015-06-29	-2.3185	-2.0549	-0.3717
2015-06-30	0.1032	1.444	2.0522
2015-07-01	1.0309	0.3559	-0.7313
2015-07-02	0.0	0.3546	1.2891
2015-07-03	-0.7143	0.7067	-0.1818
2015-07-06	-1.0277	-1.4035	-1.4572
2015-07-07	1.0384	0.0	0.1848
2015-07-08	-2.8777	-1.7794	-0.369
2015-07-09	-1.164	-1.087	0.0
2015-07-13	2.9979	1.4652	-0.3704
2015-07-14	-1.5593	0.0	-0.7435
2015-07-15	1.056	0.0	1.4981
2015-07-16	0.3135	-1.444	0.738
2015-07-17	-0.9375	2.5641	0.3663
2015-07-20	0.0	-0.7143	-0.9124
2015-07-21	1.2618	1.0791	4.9724
2015-07-22	-1.5576	-1.0676	-2.9825
2015-07-23	-4.5359	-2.1583	-1.085
2015-07-24	0.0	0.7353	1.8282
2015-07-27	-0.442	-2.1898	-2.1544
2015-07-28	-0.111	0.0	2.0183
2015-07-29	1.6667	1.1194	-0.8993
2015-07-30	-0.6557	2.214	0.726
2015-07-31	-0.22	0.722	0.1802
2015-08-03	-1.6538	-3.5842	-0.1799
2015-08-04	0.3363	1.487	1.0811
2015-08-05	-0.5587	-1.8315	1.6043
2015-08-06	-0.5618	0.0	-0.6596
2015-08-07	0.0	-0.7463	-0.565
2015-08-10	0.0	-3.0075	5.1136
2015-08-11	0.0	1.1628	-2.7027
2015-08-12	-2.2599	-1.5326	2.5926
2015-08-13	1.0405	-0.3891	0.722
2015-08-14	1.4874	-1.5625	1.9713
2015-08-17	-0.5637	-1.5873	0.3515
2015-08-18	0.1134	1.6129	3.6778
2015-08-19	-0.2265	-0.7937	-1.3514
2015-08-20	-0.7946	0.8	0.3425
2015-08-21	-2.1739	-3.9683	-2.901
2015-08-24	-4.5614	-4.9587	-2.9877
2015-08-25	4.1667	7.3913	0.1812
2015-08-26	-1.7647	-0.8097	1.9892
2015-08-27	1.3174	1.2245	0.0
2015-08-28	4.7281	0.8065	-0.1773
2015-08-31	4.4018	3.2	3.0195
2015-09-01	-2.9189	-3.876	-4.1379
2015-09-02	0.8909	1.2097	1.6187
2015-09-03	1.4294	1.1952	1.7699
2015-09-04	-1.0727	-1.5748	-2.4348
2015-09-07	-0.1205	-2.0	-2.852
2015-09-08	-0.1206	0.4082	0.0
2015-09-09	3.2609	4.878	3.3028
2015-09-10	-1.0526	-3.1008	1.5986
2015-09-11	0.1182	2.0	0.5245
2015-09-14	0.4723	0.0	-1.5652
2015-09-15	-0.47	-1.1765	-0.3534
2015-09-16	0.3542	2.7778	0.1773
2015-09-17	0.5882	1.1583	1.9469
2015-09-18	0.0	0.3817	-1.3889
2015-09-21	-1.5205	-1.5209	-1.2324
2015-09-22	1.0689	-0.3861	1.7825
2015-09-23	-1.1751	-3.4884	-3.6778
2015-09-24	-0.5945	2.008	0.0
2015-09-25	0.8373	0.0	0.5455
2015-09-30	1.5421	2.3622	3.0741
2015-10-01	0.3505	2.6923	0.8772
2015-10-02	-0.2328	-1.1236	0.0
2015-10-05	0.3501	0.3788	0.8696
2015-10-06	0.4651	0.3774	0.6897
2015-10-07	0.5787	1.5038	0.3425
2015-10-08	-0.2301	0.7407	-1.1945
2015-10-12	1.6148	1.8382	-0.3454
2015-10-13	-0.681	-0.722	-0.3466
2015-10-14	-1.6	-0.7273	-1.3913
2015-10-15	0.6969	2.5641	0.3527
2015-10-16	1.2687	-1.7857	0.0
2015-10-19	-0.1139	0.3636	-0.1757
2015-10-20	-0.6842	0.7246	0.5282
2015-10-21	-0.8037	-0.3597	-0.7005
2015-10-22	0.2315	-0.722	0.3527
2015-10-23	0.9238	1.8182	0.0
2015-10-26	1.4874	0.0	-0.8787
2015-10-27	-0.1127	-0.7143	-1.4184
2015-10-28	-0.6772	-0.7194	-0.3597
2015-10-29	-1.3636	-1.087	-0.361
2015-10-30	-0.2304	0.0	-0.3623
2015-11-02	0.9238	0.7326	-0.9091
2015-11-03	0.4577	1.4545	1.6514
2015-11-04	1.0251	3.5842	1.444
2015-11-05	-0.5637	-1.3841	-1.2456
2015-11-06	-1.8141	-1.7544	-1.6216
2015-11-09	-0.6928	1.4286	0.7326
2015-11-10	-1.7442	-1.7606	-2.1818
2015-11-11	-1.3018	-1.4337	1.3011
2015-11-12	0.5995	0.7273	-0.1835
2015-11-13	-0.3576	-1.8051	-1.4706
2015-11-16	-0.9569	-0.7353	1.1194
2015-11-17	2.657	2.5926	1.2915
2015-11-18	-0.2353	-1.083	-2.7322
2015-11-19	0.8255	2.5547	2.809
2015-11-20	0.5848	0.3559	0.0
2015-11-23	-0.5814	0.0	-0.1821
2015-11-24	-1.4035	-1.0638	-0.9124
2015-11-25	0.0	1.0753	-0.1842
2015-11-26	1.3049	1.0638	1.2915
2015-11-27	-0.4684	-2.4561	-0.9107
2015-11-30	-1.1765	0.0	-1.1029
2015-12-01	2.381	2.518	0.5576
2015-12-02	-0.3488	0.0	-0.5545
2015-12-03	-1.1669	0.0	0.3717
2015-12-04	-0.5903	-1.4035	-0.7407
2015-12-07	0.5938	2.1352	1.1194
2015-12-08	-0.9445	-0.6969	-0.9225
2015-12-09	-0.7151	-1.4035	-1.3035
2015-12-10	-0.4802	0.3559	1.1321
2015-12-11	0.2413	-1.0638	0.3731
2015-12-14	-2.7677	-0.3584	-1.6729
2015-12-15	-0.9901	-0.7194	0.9452
2015-12-16	0.25	3.9855	2.9963
2015-12-17	2.7431	1.0453	0.3636
2015-12-18	-1.4563	-2.069	-1.087
2015-12-21	0.2463	-0.3521	-1.8315
2015-12-22	-0.86	0.3534	1.6791
2015-12-23	0.7435	-0.3521	0.9174
2015-12-24	0.369	0.3534	0.3636
2015-12-25	0.0	0.7042	0.9058
2015-12-28	-0.7353	0.3497	-0.1795
2015-12-29	-0.3704	-1.0453	-2.518
2015-12-30	0.2478	0.3521	0.5535
2015-12-31	-0.1236	0.3509	0.7339
2016-01-04	-2.2277	-2.4476	-1.8215
2016-01-05	0.1266	-1.0753	0.3711
2016-01-06	-0.1264	-1.8116	0.0
2016-01-07	-0.8861	-1.845	-0.5545
2016-01-08	-0.3831	0.7519	-1.487
2016-01-11	-3.3333	-0.7463	-2.0755
2016-01-12	1.1936	0.0	-1.7341
2016-01-13	0.3932	0.3759	2.549
2016-01-14	-0.7833	-1.4981	1.3384
2016-01-15	-0.9211	4.1825	-0.1887
2016-01-18	-0.5312	0.0	-1.5123
2016-01-19	0.534	0.7299	0.7678
2016-01-20	-2.9216	-2.5362	0.9524
2016-01-21	-0.5472	0.3717	-1.3208
2016-01-22	2.8886	2.5926	0.0
2016-01-25	1.6043	0.722	1.912
2016-01-26	-0.6579	-1.4337	-0.5629
2016-01-27	-0.2649	1.4545	1.8868
2016-01-28	-0.2656	0.3584	2.4074
2016-01-29	3.5952	2.1429	0.3617
2016-01-30	0.5141	-0.6993	-0.5405
2016-02-01	1.6624	1.4085	0.7246
2016-02-02	-1.3836	-1.0417	1.259
2016-02-03	-2.2959	2.4561	-2.6643
2016-02-15	-2.4804	-0.6849	2.7372
2016-02-16	2.5435	1.7241	0.3552
2016-02-17	0.1305	0.339	-0.708
2016-02-18	1.3038	2.027	1.6043
2016-02-19	-1.287	0.0	0.0
2016-02-22	0.0	0.0	-0.3509
2016-02-23	0.3911	-0.9934	-0.3521
2016-02-24	-0.6494	-1.0033	-2.4735
2016-02-25	2.6144	1.6892	2.1739
2016-02-26	-0.6369	-0.9967	1.5957
2016-03-01	-0.3846	2.0134	-0.1745
2016-03-02	2.3166	0.6579	-1.2238
2016-03-03	1.2579	0.6536	0.708
2016-03-04	2.9814	-0.974	-0.3515
2016-03-07	-1.5682	-0.3279	1.2346
2016-03-08	1.7157	0.0	0.1742
2016-03-09	-0.241	0.6579	-0.8696
2016-03-10	0.2415	0.9804	0.8772
2016-03-11	0.241	0.3236	-0.5217
2016-03-14	0.9615	0.6452	-0.6993
2016-03-15	-2.0238	-0.9615	1.2324
2016-03-16	0.8505	0.9709	-0.8696
2016-03-17	-0.6024	1.6026	1.9298
2016-03-18	1.8182	0.6309	0.6885
2016-03-21	0.5952	0.3135	-1.1966
2016-03-22	-0.2367	-0.9375	0.346
2016-03-23	-0.1186	0.6309	0.8621
2016-03-24	0.3563	-0.627	-1.5385
2016-03-25	-0.8284	-0.3155	-1.2153
2016-03-28	0.8353	0.6329	1.406
2016-03-29	-0.9467	0.0	-2.0797
2016-03-30	0.0	1.5723	-0.354
2016-03-31	1.3142	0.3096	0.3552
2016-04-01	-2.1226	-2.1605	-1.2389
2016-04-06	-2.1687	-3.1546	-0.3584
2016-04-07	0.3695	0.6515	-0.7194
2016-04-08	0.4908	1.9417	0.7246
2016-04-11	-0.8547	0.6349	2.3381
2016-04-12	0.9852	0.0	0.3515
2016-04-13	2.0732	1.8927	1.9264
2016-04-14	-1.5532	0.0	-0.5155
2016-04-15	0.6068	-1.2384	1.8998
2016-04-18	-0.3619	-0.9404	0.1695
2016-04-19	-1.3317	-0.3165	-1.3536
2016-04-20	-2.8221	-2.2222	-0.1715
2016-04-21	1.3889	1.9481	-0.1718
2016-04-22	0.8717	-0.3185	0.6885
2016-04-25	-0.8642	0.639	0.5128
2016-04-26	-0.1245	0.3175	-0.3401
2016-04-27	-0.8728	-0.9494	0.6826
2016-04-28	-1.1321	-2.2364	0.1695
2016-04-29	-1.9084	-1.9608	-1.5228
2016-05-03	-1.9455	-1.6667	-0.6873
2016-05-04	0.1323	-0.339	-2.0761
2016-05-05	-0.3963	0.3401	0.53
2016-05-06	-2.122	0.339	0.703
2016-05-09	-1.626	-0.3378	-1.3962
2016-05-10	3.0303	-0.339	0.177
2016-05-11	-1.0695	0.0	1.2367
2016-05-12	-0.9459	-0.6803	1.9197
2016-05-13	1.5007	-1.3699	4.1096
2016-05-16	-0.5376	0.3472	-0.6579
2016-05-17	0.4054	1.7301	-0.3311
2016-05-18	0.1346	0.0	-0.1661
2016-05-19	-0.2688	0.0	-1.1647
2016-05-20	-0.2695	1.0204	1.0101
2016-05-23	4.5946	3.7037	1.1667
2016-05-24	-1.292	-1.9481	-1.1532
2016-05-25	2.6178	2.3179	1.3333
2016-05-26	-0.3827	0.3236	-1.1513
2016-05-27	0.3841	0.9677	0.1664
2016-05-30	1.4031	0.3195	2.3256
2016-05-31	0.7547	-0.3185	0.8117
2016-06-01	0.6242	1.5974	0.9662
2016-06-02	-1.6129	0.0	1.1164
2016-06-03	0.8827	0.9434	-0.9464
2016-06-04	0.25	-0.3115	-0.7962
2016-06-06	0.0	0.625	2.5682
2016-06-07	1.1222	0.6211	1.7214
2016-06-08	0.2466	2.1605	-3.0769
2016-06-13	-3.321	-2.1148	-1.9048
2016-06-14	1.6539	0.0	1.6181
2016-06-15	0.3755	0.6173	2.3885
2016-06-16	-1.7456	-1.5337	-0.4666
2016-06-17	0.6345	1.5576	0.1562
2016-06-20	1.5132	0.0	0.156
2016-06-21	0.2484	1.5337	1.0903
2016-06-22	0.9913	0.3021	-0.9245
2016-06-23	1.7178	-1.2048	-0.6221
2016-06-24	-1.6888	-3.0488	-2.5039
2016-06-27	0.6135	1.5723	1.6051
2016-06-28	0.6098	0.9646	-2.0537
2016-06-29	0.0	1.2739	2.2581
2016-06-30	0.0	2.2013	0.1577
2016-07-01	0.2424	2.1538	2.2047
2016-07-04	0.7255	0.0	-0.6163
2016-07-05	-0.3601	-1.2048	-0.155
2016-07-06	-1.8072	-1.5244	-1.2422
2016-07-07	0.7362	1.8576	0.0
2016-07-11	0.4872	3.3435	2.3585
2016-07-12	0.9697	0.5882	0.768
2016-07-13	0.2401	-1.462	2.439
2016-07-14	0.0	0.2967	-1.7857
2016-07-15	1.1976	0.2959	0.0
2016-07-18	1.7751	0.0	1.3636
2016-07-19	0.2326	0.59	-0.1495
2016-07-20	-0.232	-0.2933	-0.1497
2016-07-21	1.6279	1.1765	0.1499
2016-07-22	0.2288	-0.5814	-1.497
2016-07-25	0.0	0.2924	0.304
2016-07-26	0.2283	0.8746	0.303
2016-07-27	1.3667	1.1561	0.0
2016-07-28	0.0	0.8571	0.1511
2016-07-29	-1.236	-2.2663	-1.6591
2016-08-01	1.0239	2.6087	1.227
2016-08-02	-0.3378	-0.565	-0.7576
2016-08-03	-1.1299	-1.9886	0.7634
2016-08-04	0.5714	1.1594	-0.7576
2016-08-05	0.4545	1.4327	1.1024
2016-08-08	1.81	0.565	-1.2461
2016-08-09	-0.1111	0.2809	-1.1041
2016-08-10	0.1112	0.5602	1.7544
2016-08-11	-0.5556	-1.6713	0.627
2016-08-12	-3.6872	0.5666	1.4019
2016-08-15	1.1601	0.8451	-4.4547
2016-08-16	-1.1468	-1.9553	-0.6431
2016-08-17	-1.3921	0.8547	-0.1618
2016-08-18	0.8235	-0.565	-1.6207
2016-08-19	-0.4667	-0.8523	-1.4827
2016-08-22	0.1172	-0.8596	0.8361
2016-08-23	0.4684	0.578	0.3317
2016-08-24	1.049	-0.2874	0.3306
2016-08-25	2.0761	2.0173	0.8237
2016-08-26	0.0	0.0	0.6536
2016-08-29	0.904	-0.2825	-0.487
2016-08-30	-0.3359	-1.1331	0.1631
2016-08-31	-1.1236	0.8596	-2.2801
2016-09-01	-0.6818	-1.4205	-2.8333
2016-09-02	1.7391	0.5764	0.6861
2016-09-05	1.2953	1.1461	0.1704
2016-09-06	2.046	1.4164	-0.6803
2016-09-07	-0.3759	2.7933	0.8562
2016-09-08	-1.2579	-0.5435	0.3396
2016-09-09	-1.0191	-1.9126	-1.8613
2016-09-10	0.3861	-0.8357	-0.8621
2016-09-12	-0.641	-1.6854	0.0
2016-09-13	-0.3871	0.0	-0.1739
2016-09-14	0.2591	-0.8571	-2.439
2016-09-19	3.876	5.1873	3.3929
2016-09-20	-0.2488	0.274	-0.3454
2016-09-21	-0.2494	0.5464	1.2132
2016-09-22	-0.5	0.8152	1.7123
2016-09-23	0.2513	1.0782	-0.3367
2016-09-26	-1.1278	-2.4	0.5068
2016-09-29	1.1407	1.3661	2.0168
2016-09-30	-1.0025	-1.6173	-3.1301
2016-10-03	0.2532	1.9178	2.8912
2016-10-04	0.3788	0.5376	1.9835
2016-10-05	0.1258	-0.5348	0.1621
2016-10-06	0.7538	0.8065	-1.4563
2016-10-07	-0.2494	0.2667	0.6568
2016-10-11	1.375	-0.266	-1.3051
2016-10-12	0.6165	1.0667	-1.3223
2016-10-13	0.2451	-0.5277	2.1776
2016-10-14	-0.7335	-0.2653	-1.9672
2016-10-17	0.8621	-0.7979	0.1672
2016-10-18	0.2442	0.2681	1.6694
2016-10-19	0.3654	1.3369	0.4926
2016-10-20	1.335	0.5277	-0.6536
2016-10-21	0.9581	-1.0499	0.6579
2016-10-24	-0.1186	1.3263	-0.3268
2016-10-25	1.7815	1.0471	-0.4918
2016-10-26	-0.1167	-0.7772	0.3295
2016-10-27	-0.2336	-1.5666	-2.6273
2016-10-28	-0.7026	0.5305	1.1804
2016-10-31	0.5896	-0.5277	1.8333
2016-11-01	-0.8206	0.5305	-0.491
2016-11-02	-2.3641	-1.847	-0.1645
2016-11-03	-1.0896	-0.8065	-1.4827
2016-11-04	0.3672	0.0	0.3344
2016-11-07	1.8293	2.439	-0.6667
2016-11-08	-0.5988	-0.2646	0.0
2016-11-09	-3.1325	-3.4483	-5.2013
2016-11-10	1.3682	1.9231	0.531
2016-11-11	-3.0675	-2.1563	-3.3451
2016-11-14	0.0	-0.551	-0.7286
2016-11-15	0.0	-0.277	0.9174
2016-11-16	0.0	0.0	2.1818
2016-11-17	2.0253	0.8333	-1.7794
2016-11-18	0.3722	-0.2755	-1.087
2016-11-21	0.0	0.0	0.0
2016-11-22	0.3708	1.6575	0.0
2016-11-23	0.9852	0.8152	-0.1832
2016-11-24	-1.0976	-1.3477	0.7339
2016-11-25	-0.7398	-0.5464	0.1821
2016-11-28	0.9938	1.0989	0.5455
2016-11-29	0.861	-1.087	-0.5425
2016-11-30	0.0	0.5495	-0.9091
2016-12-01	0.4878	0.0	0.0
2016-12-02	-0.8495	-2.7322	-0.7339
2016-12-05	-0.4896	0.5618	-0.1848
2016-12-06	1.23	1.676	0.0
2016-12-07	0.9721	-0.2747	0.0
2016-12-08	2.0457	2.2039	2.4074
2016-12-09	0.2358	0.2695	0.7233
2016-12-12	-1.8824	-0.5376	-0.5386
2016-12-13	1.199	0.5405	-0.9025
2016-12-14	-0.8294	0.8065	0.0
2016-12-15	0.5974	-0.2667	-2.9144
2016-12-16	-0.7126	-1.0695	0.0
2016-12-19	-0.9569	-1.3514	0.0
2016-12-20	1.087	0.0	-0.5629
2016-12-21	-0.4779	-1.3699	0.0
2016-12-22	-0.6002	-0.5556	-0.7547
2016-12-23	-0.1208	-0.2793	-0.7605
2016-12-26	0.7255	0.5602	0.9579
2016-12-27	0.2401	0.2786	0.5693
2016-12-28	0.5988	1.1111	-0.1887
2016-12-29	-0.4762	-1.0989	-0.189
2016-12-30	0.7177	0.8333	1.1364
