Code,Year,Return,Industry
1,2014,0.57298,貨幣金融服務
2,2014,0.827567,房地產業
4,2014,0.336481,醫藥製造業
5,2014,0.64,房地產業
6,2014,0.477997,房地產業
7,2014,0.051873,住宿業
8,2014,1.454444,住宿業
9,2014,0.64885,綜合
10,2014,-0.035202,專用設備製造業
11,2014,0.327072,房地產業
12,2014,0.137579,非金屬礦物製品業
14,2014,0.347308,房地產業
16,2014,0.555663,計算機、通信和其他電子設備製造業
17,2014,0.565909,鐵路、船舶、航空航天和其他運輸設備製造業
18,2014,1.685475,紡織業
19,2014,0.21581,酒、飲料和精製茶製造業
20,2014,0.225954,計算機、通信和其他電子設備製造業
21,2014,0.371591,計算機、通信和其他電子設備製造業
22,2014,0.457883,水上運輸業
23,2014,1.025533,非金屬礦物製品業
24,2014,0.960272,房地產業
25,2014,0.143508,批發業
26,2014,0.404242,零售業
27,2014,1.119352,電力、熱力生產和供應業
28,2014,0.035577,批發業
29,2014,0.831999,房地產業
30,2014,0.411348,其他製造業
31,2014,1.301052,房地產業
32,2014,0.27269,計算機、通信和其他電子設備製造業
33,2014,0.292746,住宿業
34,2014,0.624703,綜合
35,2014,0.185741,計算機、通信和其他電子設備製造業
36,2014,0.576389,房地產業
37,2014,0.837772,電力、熱力生產和供應業
38,2014,0.368,房地產業
39,2014,0.500029,金屬製品業
40,2014,0.583556,房地產業
42,2014,0.213525,房地產業
43,2014,0.530574,房地產業
45,2014,0.17875,批發業
46,2014,1.278107,房地產業
48,2014,-0.048605,農副食品加工業
49,2014,-0.354271,電氣機械和器材製造業
50,2014,0.706161,計算機、通信和其他電子設備製造業
55,2014,0.808353,金屬製品業
56,2014,-0.149592,房地產業
58,2014,0.407408,商務服務業
59,2014,0.973947,石油加工、煉焦和核燃料加工業
60,2014,0.519328,有色金屬冶煉和壓延加工業
61,2014,0.564068,商務服務業
62,2014,0.30762,商務服務業
63,2014,0.384893,計算機、通信和其他電子設備製造業
65,2014,0.63149,土木工程建築業
66,2014,0.511874,計算機、通信和其他電子設備製造業
68,2014,0.586208,計算機、通信和其他電子設備製造業
69,2014,0.57959,公共設施管理業
70,2014,0.084976,電氣機械和器材製造業
78,2014,0.29404,零售業
88,2014,0.643878,道路運輸業
89,2014,0.35196,航空運輸業
90,2014,1.11249,土木工程建築業
96,2014,0.499199,批發業
99,2014,0.637784,航空運輸業
100,2014,0.669275,計算機、通信和其他電子設備製造業
150,2014,2.208104,房地產業
151,2014,1.692253,批發業
153,2014,0.579284,醫藥製造業
155,2014,1.189273,化學原料和化學製品製造業
156,2014,0.206226,廣播、電視、電影和影視錄音製作業
157,2014,0.33711,專用設備製造業
158,2014,1.316426,紡織業
159,2014,0.412153,批發業
301,2014,0.613762,電力、熱力生產和供應業
333,2014,0.435554,電氣機械和器材製造業
338,2014,0.454369,汽車製造業
400,2014,-0.017296,電氣機械和器材製造業
401,2014,0.559363,非金屬礦物製品業
402,2014,1.459522,房地產業
403,2014,0.132316,醫藥製造業
404,2014,0.321429,通用設備製造業
407,2014,0.126374,化學原料和化學製品製造業
408,2014,0.770519,批發業
409,2014,-0.209465,黑色金屬礦採選業
410,2014,1.156627,通用設備製造業
411,2014,1.010347,批發業
413,2014,0.359125,計算機、通信和其他電子設備製造業
415,2014,0.762895,租賃業
416,2014,0.208211,零售業
417,2014,0.36847,零售業
418,2014,0.336861,電氣機械和器材製造業
419,2014,0.253336,零售業
420,2014,0.634921,化學纖維製造業
421,2014,0.595208,綜合
422,2014,0.196888,化學原料和化學製品製造業
423,2014,-0.039285,醫藥製造業
425,2014,0.99629,專用設備製造業
426,2014,0.59892,有色金屬礦採選業
428,2014,-0.050577,住宿業
429,2014,0.720262,道路運輸業
430,2014,0.148725,公共設施管理業
488,2014,0.409767,造紙和紙製品業
498,2014,0.148515,土木工程建築業
501,2014,0.239812,零售業
502,2014,0.486614,房地產業
503,2014,0.496651,互聯網和相關服務
504,2014,0.196309,新聞和出版業
505,2014,1.112676,房地產業
506,2014,0.528677,房地產業
507,2014,0.665791,水上運輸業
509,2014,0.209136,橡膠和塑料製品業
510,2014,0.028143,化學原料和化學製品製造業
511,2014,1.057644,房地產業
513,2014,0.291191,醫藥製造業
514,2014,0.646102,房地產業
516,2014,1.080959,零售業
517,2014,0.560896,房地產業
518,2014,0.663636,醫藥製造業
519,2014,0.061355,非金屬礦物製品業
521,2014,0.336427,電氣機械和器材製造業
523,2014,0.082571,化學原料和化學製品製造業
524,2014,1.090575,住宿業
525,2014,0.061773,化學原料和化學製品製造業
526,2014,-0.003125,房地產業
528,2014,1.061517,專用設備製造業
529,2014,0.361991,農副食品加工業
530,2014,0.153555,通用設備製造業
531,2014,1.274186,電力、熱力生產和供應業
532,2014,0.026315,綜合
533,2014,0.471062,電氣機械和器材製造業
534,2014,0.741939,房地產業
536,2014,-0.151705,計算機、通信和其他電子設備製造業
537,2014,0.517544,房地產業
538,2014,-0.065891,醫藥製造業
539,2014,0.723882,電力、熱力生產和供應業
540,2014,1.15513,房地產業
541,2014,0.506224,電氣機械和器材製造業
543,2014,0.883547,電力、熱力生產和供應業
544,2014,0.107252,水的生產和供應業
545,2014,0.46047,化學原料和化學製品製造業
546,2014,0.259077,非金屬礦物製品業
547,2014,2.389003,計算機、通信和其他電子設備製造業
548,2014,0.469349,道路運輸業
550,2014,0.221882,汽車製造業
551,2014,0.066098,綜合
552,2014,0.020336,煤炭開採和洗選業
553,2014,0.196648,化學原料和化學製品製造業
554,2014,0.728745,批發業
555,2014,0.513365,軟件和信息技術服務業
557,2014,-0.097143,酒、飲料和精製茶製造業
558,2014,0.735465,房地產業
559,2014,1.712249,汽車製造業
560,2014,1.13738,零售業
561,2014,0.492308,計算機、通信和其他電子設備製造業
562,2014,2.752012,資本市場服務
563,2014,0.586617,其他金融業
564,2014,0.313343,零售業
565,2014,0.726994,化學原料和化學製品製造業
566,2014,0.367855,醫藥製造業
567,2014,0.475626,房地產業
568,2014,0.0804,酒、飲料和精製茶製造業
570,2014,0.342257,通用設備製造業
571,2014,0.344079,煤炭開採和洗選業
572,2014,0.386842,汽車製造業
573,2014,-0.050096,房地產業
576,2014,0.265969,造紙和紙製品業
581,2014,-0.118579,汽車製造業
582,2014,0.739002,水上運輸業
584,2014,0.138784,化學纖維製造業
585,2014,0.757582,電氣機械和器材製造業
586,2014,0.697674,計算機、通信和其他電子設備製造業
587,2014,-0.113252,其他製造業
589,2014,0.303399,橡膠和塑料製品業
590,2014,0.138054,醫藥製造業
591,2014,0.749571,零售業
592,2014,1.084976,林業
593,2014,0.135782,零售業
594,2014,-0.083832,批發業
595,2014,0.534971,通用設備製造業
596,2014,0.679061,酒、飲料和精製茶製造業
597,2014,0.525937,醫藥製造業
598,2014,0.332814,水的生產和供應業
599,2014,0.459668,橡膠和塑料製品業
600,2014,1.350226,電力、熱力生產和供應業
601,2014,0.341203,電力、熱力生產和供應業
603,2014,-0.048875,有色金屬礦採選業
605,2014,0.079315,醫藥製造業
606,2014,-0.040793,醫藥製造業
607,2014,1.437647,儀器儀表製造業
608,2014,-0.007814,房地產業
609,2014,0.97017,房地產業
610,2014,0.624232,公共設施管理業
611,2014,0.581986,紡織業
612,2014,0.732419,有色金屬冶煉和壓延加工業
613,2014,0.459402,住宿業
615,2014,0.479514,化學纖維製造業
616,2014,0.380416,房地產業
617,2014,0.347339,通用設備製造業
619,2014,0.390672,橡膠和塑料製品業
620,2014,0.364275,房地產業
622,2014,0.47165,專用設備製造業
623,2014,0.973123,醫藥製造業
625,2014,0.447262,汽車製造業
626,2014,0.687824,批發業
627,2014,0.564886,化學原料和化學製品製造業
628,2014,0.325191,房屋建築業
629,2014,0.685713,黑色金屬礦採選業
630,2014,0.561362,有色金屬冶煉和壓延加工業
631,2014,0.445665,房地產業
632,2014,0.213808,批發業
633,2014,0.98622,電氣機械和器材製造業
635,2014,0.312338,化學原料和化學製品製造業
636,2014,0.587814,計算機、通信和其他電子設備製造業
637,2014,0.370588,石油加工、煉焦和核燃料加工業
638,2014,0.507043,批發業
639,2014,-0.054604,農副食品加工業
650,2014,0.457941,醫藥製造業
651,2014,0.194447,電氣機械和器材製造業
652,2014,0.590836,批發業
655,2014,0.202965,黑色金屬礦採選業
656,2014,0.949937,房地產業
657,2014,0.387097,有色金屬冶煉和壓延加工業
659,2014,0.233813,橡膠和塑料製品業
661,2014,-0.198385,醫藥製造業
662,2014,0.123435,化學原料和化學製品製造業
663,2014,0.165074,林業
665,2014,0.281364,廣播、電視、電影和影視錄音製作業
666,2014,0.860497,專用設備製造業
667,2014,0.741758,房地產業
668,2014,0.219513,房地產業
669,2014,0.435605,燃氣生產和供應業
670,2014,0.95335,房地產業
671,2014,0.503442,房地產業
672,2014,0.944787,非金屬礦物製品業
673,2014,0.581322,文化藝術業
676,2014,1.254143,電氣機械和器材製造業
677,2014,1.169435,化學纖維製造業
678,2014,0.564286,通用設備製造業
679,2014,0.342496,零售業
680,2014,1.374214,專用設備製造業
681,2014,0.687852,軟件和信息技術服務業
682,2014,0.718156,電氣機械和器材製造業
683,2014,0.243107,化學原料和化學製品製造業
685,2014,0.986606,水的生產和供應業
686,2014,1.538706,資本市場服務
687,2014,0.578947,化學纖維製造業
688,2014,0.250865,有色金屬礦採選業
690,2014,0.26546,電力、熱力生產和供應業
691,2014,0.170431,房地產業
692,2014,0.20188,電力、熱力生產和供應業
693,2014,2.284939,有色金屬礦採選業
695,2014,0.708166,電力、熱力生產和供應業
697,2014,0.935599,有色金屬礦採選業
698,2014,0.332461,石油加工、煉焦和核燃料加工業
700,2014,0.38384,汽車製造業
701,2014,0.046757,批發業
702,2014,1.088172,農副食品加工業
703,2014,0.226913,化學纖維製造業
705,2014,0.339049,批發業
707,2014,0.310432,化學原料和化學製品製造業
708,2014,0.77654,黑色金屬冶煉和壓延加工業
709,2014,0.936044,黑色金屬冶煉和壓延加工業
710,2014,0.241177,汽車製造業
711,2014,1.151414,房地產業
712,2014,1.388604,水的生產和供應業
713,2014,0.115965,農、林、牧、漁服務業
715,2014,-0.145788,零售業
716,2014,0.227221,食品製造業
717,2014,0.758242,黑色金屬冶煉和壓延加工業
718,2014,0.503584,房地產業
719,2014,0.443655,新聞和出版業
720,2014,0.864035,電力、熱力生產和供應業
721,2014,0.885847,餐飲業
722,2014,0.135854,電力、熱力生產和供應業
723,2014,0.207498,石油加工、煉焦和核燃料加工業
725,2014,0.562791,計算機、通信和其他電子設備製造業
726,2014,0.188157,紡織業
727,2014,0.441288,計算機、通信和其他電子設備製造業
728,2014,2.086346,資本市場服務
729,2014,-0.001975,酒、飲料和精製茶製造業
731,2014,-0.102852,化學原料和化學製品製造業
732,2014,0.780303,房地產業
733,2014,0.585049,計算機、通信和其他電子設備製造業
735,2014,0.170735,畜牧業
736,2014,0.388261,房地產業
737,2014,0.035565,化學原料和化學製品製造業
738,2014,0.374135,鐵路、船舶、航空航天和其他運輸設備製造業
739,2014,0.546656,醫藥製造業
748,2014,1.147441,計算機、通信和其他電子設備製造業
750,2014,0.530017,資本市場服務
751,2014,0.546392,有色金屬冶煉和壓延加工業
752,2014,0.30954,酒、飲料和精製茶製造業
753,2014,0.54962,零售業
755,2014,0.498599,化學原料和化學製品製造業
756,2014,0.648695,醫藥製造業
757,2014,0.444444,通用設備製造業
758,2014,0.36786,有色金屬礦採選業
759,2014,0.27759,零售業
760,2014,-0.065758,汽車製造業
761,2014,0.727593,黑色金屬冶煉和壓延加工業
762,2014,0.27018,黑色金屬礦採選業
766,2014,0.185873,醫藥製造業
767,2014,0.800654,電力、熱力生產和供應業
768,2014,0.988469,鐵路、船舶、航空航天和其他運輸設備製造業
776,2014,1.123055,資本市場服務
777,2014,1.977924,通用設備製造業
778,2014,0.481911,金屬製品業
779,2014,0.055814,紡織業
780,2014,0.349535,煤炭開採和洗選業
782,2014,0.980456,化學纖維製造業
783,2014,2.322704,資本市場服務
785,2014,0.487002,零售業
786,2014,0.489292,非金屬礦物製品業
788,2014,0.086213,醫藥製造業
789,2014,0.496091,非金屬礦物製品業
790,2014,0.065905,金屬製品業
791,2014,1.245927,電力、熱力生產和供應業
792,2014,0.30281,化學原料和化學製品製造業
793,2014,-0.045654,新聞和出版業
795,2014,0.239796,非金屬礦物製品業
796,2014,0.457661,餐飲業
797,2014,0.439575,房地產業
798,2014,0.421183,漁業
799,2014,0.038243,酒、飲料和精製茶製造業
800,2014,0.27456,汽車製造業
801,2014,0.568286,計算機、通信和其他電子設備製造業
802,2014,0.786305,公共設施管理業
803,2014,0.393979,紡織業
806,2014,1.566666,電氣機械和器材製造業
807,2014,0.623529,有色金屬冶煉和壓延加工業
809,2014,-0.035714,公共設施管理業
810,2014,0.245761,紡織業
811,2014,0.172,通用設備製造業
812,2014,0.654171,印刷和記錄媒介複製業
813,2014,0.146515,紡織業
815,2014,0.594378,造紙和紙製品業
816,2014,0.375299,通用設備製造業
818,2014,0.521127,化學原料和化學製品製造業
819,2014,-0.000632,石油加工、煉焦和核燃料加工業
820,2014,-0.246753,造紙和紙製品業
821,2014,1.569768,專用設備製造業
822,2014,0.513514,化學原料和化學製品製造業
823,2014,0.339258,計算機、通信和其他電子設備製造業
825,2014,1.058971,黑色金屬冶煉和壓延加工業
826,2014,0.02529,生態保護和環境治理業
828,2014,0.811736,道路運輸業
829,2014,0.137394,批發業
830,2014,0.307506,化學原料和化學製品製造業
831,2014,0.360091,有色金屬冶煉和壓延加工業
833,2014,0.323217,造紙和紙製品業
835,2014,0.847784,石油加工、煉焦和核燃料加工業
836,2014,0.390625,電氣機械和器材製造業
837,2014,0.538252,通用設備製造業
838,2014,0.405099,房地產業
839,2014,0.816444,電信、廣播電視和衛星傳輸服務
848,2014,0.141819,酒、飲料和精製茶製造業
850,2014,0.637224,紡織業
851,2014,0.155992,零售業
852,2014,0.22223,專用設備製造業
856,2014,0.467557,專用設備製造業
858,2014,0.429424,酒、飲料和精製茶製造業
859,2014,0.626741,橡膠和塑料製品業
860,2014,0.22465,農副食品加工業
861,2014,0.499227,商務服務業
862,2014,0.2176,通用設備製造業
863,2014,0.106707,房地產業
868,2014,0.450633,汽車製造業
869,2014,0.318418,酒、飲料和精製茶製造業
875,2014,0.816849,電力、熱力生產和供應業
876,2014,-0.001698,農副食品加工業
877,2014,0.710904,非金屬礦物製品業
878,2014,0.639495,有色金屬冶煉和壓延加工業
880,2014,0.490862,通用設備製造業
881,2014,0.296655,綜合
882,2014,0.546015,房地產業
883,2014,1.048989,電力、熱力生產和供應業
885,2014,0.752234,非金屬礦物製品業
886,2014,0.244116,房地產業
887,2014,0.721289,橡膠和塑料製品業
888,2014,-0.022417,公共設施管理業
889,2014,0.887595,零售業
890,2014,0.873902,金屬製品業
892,2014,0.464359,電信、廣播電視和衛星傳輸服務
893,2014,-0.068026,農副食品加工業
895,2014,-0.303316,農副食品加工業
897,2014,0.385321,房地產業
898,2014,0.932845,黑色金屬冶煉和壓延加工業
899,2014,0.356343,電力、熱力生產和供應業
900,2014,0.324961,道路運輸業
901,2014,1.744294,鐵路、船舶、航空航天和其他運輸設備製造業
902,2014,0.573999,化學原料和化學製品製造業
903,2014,0.461923,通用設備製造業
905,2014,1.044618,水上運輸業
906,2014,1.161228,批發業
908,2014,0.65896,通用設備製造業
909,2014,0.368151,綜合
910,2014,0.443004,木材加工和木、竹、籐、棕、草製品業
911,2014,0.363499,農副食品加工業
912,2014,0.45614,化學原料和化學製品製造業
913,2014,0.178295,鐵路、船舶、航空航天和其他運輸設備製造業
915,2014,-0.147561,醫藥製造業
916,2014,0.496801,道路運輸業
917,2014,0.037392,電信、廣播電視和衛星傳輸服務
918,2014,0.56115,房地產業
919,2014,0.496384,醫藥製造業
920,2014,0.981216,鐵路、船舶、航空航天和其他運輸設備製造業
921,2014,-0.283876,電氣機械和器材製造業
922,2014,1.039576,電氣機械和器材製造業
923,2014,0.649888,專用設備製造業
925,2014,0.893806,專用設備製造業
926,2014,0.557734,房地產業
927,2014,0.84637,汽車製造業
928,2014,0.660194,非金屬礦物製品業
929,2014,0.247684,酒、飲料和精製茶製造業
930,2014,0.869245,化學原料和化學製品製造業
931,2014,0.436208,建築安裝業
932,2014,1.020617,黑色金屬冶煉和壓延加工業
933,2014,0.245454,有色金屬冶煉和壓延加工業
935,2014,0.298025,非金屬礦物製品業
936,2014,0.661032,化學纖維製造業
937,2014,0.143707,煤炭開採和洗選業
938,2014,0.059281,計算機、通信和其他電子設備製造業
939,2014,0.823339,煤炭開採和洗選業
948,2014,0.759138,軟件和信息技術服務業
949,2014,0.548951,化學纖維製造業
950,2014,0.371134,化學原料和化學製品製造業
951,2014,0.847117,汽車製造業
952,2014,0.532959,醫藥製造業
953,2014,0.533333,化學原料和化學製品製造業
955,2014,0.43425,紡織業
957,2014,0.326679,汽車製造業
958,2014,1.656905,電力、熱力生產和供應業
959,2014,1.024391,黑色金屬冶煉和壓延加工業
960,2014,0.629213,有色金屬冶煉和壓延加工業
961,2014,0.984277,土木工程建築業
962,2014,0.17246,有色金屬冶煉和壓延加工業
963,2014,0.158929,零售業
965,2014,0.588256,房地產業
966,2014,0.909502,電力、熱力生產和供應業
967,2014,0.782345,電氣機械和器材製造業
968,2014,0.111711,石油加工、煉焦和核燃料加工業
969,2014,0.230208,金屬製品業
970,2014,0.162018,計算機、通信和其他電子設備製造業
971,2014,0.858195,紡織業
972,2014,0.398305,農副食品加工業
973,2014,0.551047,橡膠和塑料製品業
975,2014,0.837948,有色金屬礦採選業
976,2014,0.131737,化學纖維製造業
977,2014,0.823965,計算機、通信和其他電子設備製造業
978,2014,0.510569,公共設施管理業
979,2014,0.307471,房地產業
980,2014,0.406964,汽車製造業
981,2014,0.604851,房地產業
982,2014,-0.016015,紡織業
983,2014,0.159926,煤炭開採和洗選業
985,2014,0.517284,化學原料和化學製品製造業
987,2014,1.233447,零售業
988,2014,0.735077,計算機、通信和其他電子設備製造業
989,2014,0.339016,醫藥製造業
990,2014,0.753105,化學原料和化學製品製造業
993,2014,0.314368,電力、熱力生產和供應業
995,2014,0.590501,酒、飲料和精製茶製造業
996,2014,0.940299,批發業
997,2014,0.714926,軟件和信息技術服務業
998,2014,0.448337,農業
999,2014,-0.076645,醫藥製造業
1696,2014,0.705959,鐵路、船舶、航空航天和其他運輸設備製造業
1896,2014,0.601667,電力、熱力生產和供應業
2001,2014,0.209362,醫藥製造業
2002,2014,0.252413,化學原料和化學製品製造業
2003,2014,0.34098,紡織服裝、服飾業
2004,2014,0.162399,化學原料和化學製品製造業
2005,2014,0.001263,電氣機械和器材製造業
2006,2014,0.235876,專用設備製造業
2007,2014,0.178444,醫藥製造業
2008,2014,0.197908,專用設備製造業
2009,2014,0.301953,通用設備製造業
2010,2014,-0.071108,化學原料和化學製品製造業
2011,2014,0.08259,通用設備製造業
2012,2014,0.226236,造紙和紙製品業
2013,2014,0.592794,鐵路、船舶、航空航天和其他運輸設備製造業
2014,2014,0.008241,橡膠和塑料製品業
2015,2014,0.595825,紡織業
2016,2014,0.320011,房地產業
2017,2014,0.10452,計算機、通信和其他電子設備製造業
2018,2014,0.788806,化學原料和化學製品製造業
2019,2014,0.072249,醫藥製造業
2020,2014,0.183622,醫藥製造業
2021,2014,0.145425,專用設備製造業
2022,2014,0.273813,醫藥製造業
2023,2014,0.291474,鐵路、船舶、航空航天和其他運輸設備製造業
2024,2014,-0.003322,零售業
2025,2014,0.455976,計算機、通信和其他電子設備製造業
2026,2014,0.280882,金屬製品業
2027,2014,0.37218,計算機、通信和其他電子設備製造業
2028,2014,0.186885,電氣機械和器材製造業
2029,2014,0.163525,紡織服裝、服飾業
2030,2014,0.674115,醫藥製造業
2031,2014,0.638792,專用設備製造業
2032,2014,0.202772,金屬製品業
2033,2014,0.144142,公共設施管理業
2034,2014,0.270741,紡織業
2035,2014,0.20196,電氣機械和器材製造業
2036,2014,0.155784,紡織服裝、服飾業
2037,2014,0.627912,化學原料和化學製品製造業
2038,2014,-0.21299,醫藥製造業
2039,2014,1.05673,電力、熱力生產和供應業
2040,2014,0.818143,水上運輸業
2041,2014,-0.076041,農業
2042,2014,0.198037,紡織業
2043,2014,0.440439,木材加工和木、竹、籐、棕、草製品業
2044,2014,0.43915,紡織服裝、服飾業
2045,2014,0.229558,計算機、通信和其他電子設備製造業
2046,2014,0.628135,通用設備製造業
2047,2014,-0.152886,建築裝飾和其他建築業
2048,2014,0.713156,汽車製造業
2049,2014,-0.025947,計算機、通信和其他電子設備製造業
2050,2014,0.585657,通用設備製造業
2051,2014,0.632912,土木工程建築業
2052,2014,-0.280757,計算機、通信和其他電子設備製造業
2053,2014,1.105978,化學原料和化學製品製造業
2054,2014,0.285607,化學原料和化學製品製造業
2055,2014,0.089304,計算機、通信和其他電子設備製造業
2056,2014,0.417383,電氣機械和器材製造業
2057,2014,0.976971,化學原料和化學製品製造業
2058,2014,0.63814,儀器儀表製造業
2059,2014,0.427804,公共設施管理業
2060,2014,0.659215,土木工程建築業
2061,2014,0.130653,化學原料和化學製品製造業
2062,2014,0.813322,土木工程建築業
2063,2014,0.033438,軟件和信息技術服務業
2064,2014,0.181051,化學纖維製造業
2065,2014,0.064997,軟件和信息技術服務業
2066,2014,1.023857,非金屬礦物製品業
2067,2014,0.709678,造紙和紙製品業
2068,2014,1.025582,化學原料和化學製品製造業
2069,2014,-0.176173,漁業
2070,2014,0.731752,紡織業
2071,2014,-0.063768,金屬製品業
2072,2014,1.009009,紡織業
2073,2014,0.457256,專用設備製造業
2074,2014,1.529514,電氣機械和器材製造業
2075,2014,0.553399,黑色金屬冶煉和壓延加工業
2076,2014,0.35625,電氣機械和器材製造業
2077,2014,0.371036,房地產業
2078,2014,0.384179,造紙和紙製品業
2079,2014,0.193138,計算機、通信和其他電子設備製造業
2080,2014,0.064605,非金屬礦物製品業
2081,2014,0.159109,建築裝飾和其他建築業
2082,2014,0.253672,有色金屬冶煉和壓延加工業
2083,2014,0.183215,紡織業
2084,2014,0.973261,金屬製品業
2085,2014,0.319557,汽車製造業
2086,2014,0.150715,漁業
2087,2014,0.26801,紡織業
2088,2014,0.563995,非金屬礦物製品業
2089,2014,1.100924,計算機、通信和其他電子設備製造業
2090,2014,0.41112,電氣機械和器材製造業
2091,2014,0.257576,批發業
2092,2014,0.480477,化學原料和化學製品製造業
2093,2014,0.19186,軟件和信息技術服務業
2094,2014,0.416895,化學原料和化學製品製造業
2095,2014,0.484344,互聯網和相關服務
2096,2014,-0.039003,化學原料和化學製品製造業
2097,2014,0.387786,專用設備製造業
2098,2014,0.764407,其他製造業
2099,2014,0.279522,醫藥製造業
2100,2014,-0.052332,農副食品加工業
2101,2014,0.529435,汽車製造業
2102,2014,0.799591,非金屬礦物製品業
2103,2014,0.816715,文教、工美、體育和娛樂用品製造業
2104,2014,0.287242,計算機、通信和其他電子設備製造業
2105,2014,0.764844,鐵路、船舶、航空航天和其他運輸設備製造業
2106,2014,0.10762,計算機、通信和其他電子設備製造業
2107,2014,1.25994,醫藥製造業
2108,2014,0.610442,橡膠和塑料製品業
2109,2014,0.184524,化學原料和化學製品製造業
2110,2014,0.339742,黑色金屬冶煉和壓延加工業
2111,2014,0.590963,專用設備製造業
2112,2014,0.43839,電氣機械和器材製造業
2113,2014,0.335519,房地產業
2114,2014,0.872032,有色金屬冶煉和壓延加工業
2115,2014,0.390895,計算機、通信和其他電子設備製造業
2116,2014,0.6727,專業技術服務業
2117,2014,0.667378,印刷和記錄媒介複製業
2118,2014,0.227551,醫藥製造業
2119,2014,0.638412,計算機、通信和其他電子設備製造業
2120,2014,0.472362,其他製造業
2121,2014,0.624302,儀器儀表製造業
2122,2014,0.811436,通用設備製造業
2123,2014,0.277008,電氣機械和器材製造業
2124,2014,0.134328,農副食品加工業
2125,2014,0.210526,化學原料和化學製品製造業
2126,2014,0.150834,汽車製造業
2127,2014,0.320301,化學纖維製造業
2128,2014,0.18055,煤炭開採和洗選業
2129,2014,0.132938,計算機、通信和其他電子設備製造業
2130,2014,0.887247,計算機、通信和其他電子設備製造業
2131,2014,0.644837,通用設備製造業
2132,2014,0.457143,金屬製品業
2133,2014,0.304812,房地產業
2134,2014,0.202702,計算機、通信和其他電子設備製造業
2135,2014,0.53956,土木工程建築業
2136,2014,0.459091,化學原料和化學製品製造業
2137,2014,0.7601,計算機、通信和其他電子設備製造業
2138,2014,0.021636,計算機、通信和其他電子設備製造業
2139,2014,0.371539,電氣機械和器材製造業
2140,2014,-0.043227,土木工程建築業
2141,2014,0.963958,計算機、通信和其他電子設備製造業
2142,2014,0.78258,貨幣金融服務
2143,2014,1.210762,農副食品加工業
2144,2014,-0.120595,紡織業
2145,2014,0.563758,化學原料和化學製品製造業
2146,2014,0.618332,房地產業
2147,2014,0.489908,通用設備製造業
2148,2014,-0.1976,軟件和信息技術服務業
2149,2014,0.172076,有色金屬冶煉和壓延加工業
2150,2014,0.304973,金屬製品業
2151,2014,0.197729,計算機、通信和其他電子設備製造業
2152,2014,0.399587,通用設備製造業
2153,2014,0.384891,軟件和信息技術服務業
2154,2014,0.367854,紡織服裝、服飾業
2155,2014,0.300552,有色金屬礦採選業
2156,2014,0.398614,計算機、通信和其他電子設備製造業
2157,2014,0.296295,農副食品加工業
2158,2014,0.065059,通用設備製造業
2159,2014,0.246536,公共設施管理業
2160,2014,0.345338,有色金屬冶煉和壓延加工業
2161,2014,-0.023236,計算機、通信和其他電子設備製造業
2162,2014,0.202702,非金屬礦物製品業
2163,2014,0.696808,建築裝飾和其他建築業
2164,2014,0.429332,通用設備製造業
2165,2014,0.228075,化學原料和化學製品製造業
2166,2014,0.240951,醫藥製造業
2167,2014,0.213345,化學原料和化學製品製造業
2168,2014,0.389575,電氣機械和器材製造業
2169,2014,0.709946,電氣機械和器材製造業
2170,2014,0.426538,化學原料和化學製品製造業
2171,2014,0.806499,有色金屬冶煉和壓延加工業
2172,2014,0.616113,化學纖維製造業
2173,2014,0.564593,其他製造業
2174,2014,-0.027968,傢俱製造業
2175,2014,1.18914,儀器儀表製造業
2176,2014,0.305054,電氣機械和器材製造業
2177,2014,0.281591,專用設備製造業
2178,2014,0.66466,專業技術服務業
2179,2014,0.419771,計算機、通信和其他電子設備製造業
2180,2014,1.90715,電氣機械和器材製造業
2181,2014,0.46546,商務服務業
2182,2014,0.548846,有色金屬冶煉和壓延加工業
2183,2014,1.183003,商務服務業
2184,2014,1.804,電氣機械和器材製造業
2185,2014,0.139465,計算機、通信和其他電子設備製造業
2186,2014,0.02182,餐飲業
2187,2014,0.55187,零售業
2188,2014,0.352657,計算機、通信和其他電子設備製造業
2189,2014,1.540347,計算機、通信和其他電子設備製造業
2190,2014,1.114889,專用設備製造業
2191,2014,-0.000461,印刷和記錄媒介複製業
2192,2014,0.295574,化學原料和化學製品製造業
2193,2014,0.29155,紡織業
2194,2014,0.250804,計算機、通信和其他電子設備製造業
2195,2014,1.710936,軟件和信息技術服務業
2196,2014,0.729632,專用設備製造業
2197,2014,0.334482,通用設備製造業
2198,2014,0.265433,醫藥製造業
2199,2014,-0.212662,計算機、通信和其他電子設備製造業
2200,2014,0.072816,林業
2201,2014,0.47721,非金屬礦物製品業
2202,2014,0.691172,通用設備製造業
2203,2014,0.549667,有色金屬冶煉和壓延加工業
2204,2014,0.381885,專用設備製造業
2205,2014,0.193409,非金屬礦物製品業
2206,2014,0.49863,化學纖維製造業
2207,2014,1.140103,開採輔助活動
2208,2014,0.281989,房地產業
2209,2014,0.355784,專用設備製造業
2210,2014,1.93838,商務服務業
2211,2014,1.199507,化學原料和化學製品製造業
2212,2014,0.55663,電氣機械和器材製造業
2213,2014,0.217471,汽車製造業
2214,2014,0.366486,計算機、通信和其他電子設備製造業
2215,2014,0.190992,化學原料和化學製品製造業
2216,2014,-0.134578,食品製造業
2217,2014,1.042,化學原料和化學製品製造業
2218,2014,0.359535,計算機、通信和其他電子設備製造業
2219,2014,0.086469,醫藥製造業
2220,2014,0.169168,農副食品加工業
2221,2014,0.583728,批發業
2222,2014,0.325611,計算機、通信和其他電子設備製造業
2223,2014,0.097176,專用設備製造業
2224,2014,0.54478,橡膠和塑料製品業
2225,2014,0.298692,非金屬礦物製品業
2226,2014,-0.078064,化學原料和化學製品製造業
2227,2014,0.301604,電氣機械和器材製造業
2228,2014,1.066994,造紙和紙製品業
2229,2014,0.048347,印刷和記錄媒介複製業
2230,2014,-0.04907,軟件和信息技術服務業
2231,2014,0.226209,計算機、通信和其他電子設備製造業
2232,2014,0.348098,軟件和信息技術服務業
2233,2014,0.62855,非金屬礦物製品業
2234,2014,-0.029018,畜牧業
2235,2014,0.486334,造紙和紙製品業
2236,2014,-0.461141,計算機、通信和其他電子設備製造業
2237,2014,0.179767,有色金屬冶煉和壓延加工業
2238,2014,0.069876,電信、廣播電視和衛星傳輸服務
2239,2014,0.068078,紡織服裝、服飾業
2240,2014,0.560279,木材加工和木、竹、籐、棕、草製品業
2241,2014,-0.298251,計算機、通信和其他電子設備製造業
2242,2014,0.179603,電氣機械和器材製造業
2243,2014,0.280526,橡膠和塑料製品業
2244,2014,0.161687,房地產業
2245,2014,0.401537,裝卸搬運和運輸代理業
2246,2014,0.771633,化學原料和化學製品製造業
2247,2014,0.059983,其他製造業
2248,2014,0.126454,通用設備製造業
2249,2014,0.113107,電氣機械和器材製造業
2250,2014,0.063759,化學原料和化學製品製造業
2251,2014,0.053,零售業
2252,2014,0.902447,醫藥製造業
2253,2014,-0.134763,軟件和信息技術服務業
2254,2014,0.479948,化學纖維製造業
2255,2014,-0.074143,通用設備製造業
2256,2014,0.238061,化學原料和化學製品製造業
2258,2014,0.061402,化學原料和化學製品製造業
2259,2014,-0.169114,木材加工和木、竹、籐、棕、草製品業
2260,2014,0.707567,電氣機械和器材製造業
2261,2014,0.193201,軟件和信息技術服務業
2262,2014,0.058739,批發業
2263,2014,0.15541,橡膠和塑料製品業
2264,2014,0.083082,零售業
2265,2014,0.657378,汽車製造業
2266,2014,-0.085205,通用設備製造業
2267,2014,0.070972,燃氣生產和供應業
2268,2014,1.18507,軟件和信息技術服務業
2269,2014,-0.11591,紡織服裝、服飾業
2270,2014,0.42214,通用設備製造業
2271,2014,0.274855,非金屬礦物製品業
2272,2014,0.549774,通用設備製造業
2273,2014,0.081244,計算機、通信和其他電子設備製造業
2274,2014,0.409381,化學原料和化學製品製造業
2275,2014,0.245033,醫藥製造業
2276,2014,0.767313,電氣機械和器材製造業
2277,2014,0.103709,零售業
2278,2014,0.006334,專用設備製造業
2279,2014,1.227018,軟件和信息技術服務業
2280,2014,1.946161,軟件和信息技術服務業
2281,2014,0.007006,計算機、通信和其他電子設備製造業
2282,2014,1.048843,通用設備製造業
2283,2014,0.503636,汽車製造業
2284,2014,0.479307,汽車製造業
2285,2014,0.728836,房地產業
2286,2014,-0.023417,農副食品加工業
2287,2014,0.050499,醫藥製造業
2288,2014,0.413092,計算機、通信和其他電子設備製造業
2289,2014,0.363362,計算機、通信和其他電子設備製造業
2290,2014,0.078689,電氣機械和器材製造業
2291,2014,0.400698,紡織服裝、服飾業
2292,2014,-0.093756,文教、工美、體育和娛樂用品製造業
2293,2014,0.10005,紡織業
2294,2014,0.052257,醫藥製造業
2295,2014,0.551434,有色金屬冶煉和壓延加工業
2296,2014,0.411808,計算機、通信和其他電子設備製造業
2297,2014,0.219307,非金屬礦物製品業
2298,2014,0.246975,電氣機械和器材製造業
2299,2014,0.313603,畜牧業
2300,2014,0.456588,電氣機械和器材製造業
2301,2014,0.058195,文教、工美、體育和娛樂用品製造業
2302,2014,0.367481,非金屬礦物製品業
2303,2014,0.522917,造紙和紙製品業
2304,2014,1.012628,酒、飲料和精製茶製造業
2305,2014,0.00421,房地產業
2306,2014,0.17795,餐飲業
2307,2014,1.785373,土木工程建築業
2308,2014,0.072761,計算機、通信和其他電子設備製造業
2309,2014,0.133883,電氣機械和器材製造業
2310,2014,-0.143696,土木工程建築業
2311,2014,0.068159,農副食品加工業
2312,2014,0.445261,計算機、通信和其他電子設備製造業
2313,2014,-0.306246,計算機、通信和其他電子設備製造業
2314,2014,0.481559,建築裝飾和其他建築業
2315,2014,0.249424,互聯網和相關服務
2316,2014,-0.016988,軟件和信息技術服務業
2317,2014,-0.013113,醫藥製造業
2318,2014,0.689122,金屬製品業
2319,2014,0.369157,化學原料和化學製品製造業
2320,2014,0.187832,水上運輸業
2321,2014,0.202853,畜牧業
2322,2014,-0.090426,電氣機械和器材製造業
2323,2014,0.576042,專用設備製造業
2324,2014,0.144639,橡膠和塑料製品業
2325,2014,0.138293,建築裝飾和其他建築業
2326,2014,0.581907,化學原料和化學製品製造業
2327,2014,0.173533,紡織業
2328,2014,-0.169066,金屬製品業
2329,2014,1.286464,食品製造業
2330,2014,0.257067,農副食品加工業
2331,2014,0.650173,軟件和信息技術服務業
2332,2014,0.162872,醫藥製造業
2333,2014,0.133026,有色金屬冶煉和壓延加工業
2334,2014,0.063877,電氣機械和器材製造業
2335,2014,0.587949,電氣機械和器材製造業
2336,2014,0.164163,零售業
2337,2014,1.464241,專用設備製造業
2338,2014,0.886952,儀器儀表製造業
2339,2014,0.293282,電氣機械和器材製造業
2340,2014,0.260488,廢棄資源綜合利用業
2341,2014,-0.030697,化學原料和化學製品製造業
2342,2014,0.059542,金屬製品業
2343,2014,0.722614,橡膠和塑料製品業
2344,2014,-0.225031,商務服務業
2345,2014,0.503962,其他製造業
2346,2014,0.608624,非金屬礦物製品業
2347,2014,0.323377,通用設備製造業
2348,2014,0.303836,文教、工美、體育和娛樂用品製造業
2349,2014,0.789671,醫藥製造業
2350,2014,0.303431,電氣機械和器材製造業
2351,2014,0.51885,計算機、通信和其他電子設備製造業
2352,2014,-0.00315,金屬製品業
2353,2014,-0.41978,專用設備製造業
2354,2014,2.647136,木材加工和木、竹、籐、棕、草製品業
2355,2014,-0.079588,汽車製造業
2356,2014,0.764052,儀器儀表製造業
2357,2014,0.198895,道路運輸業
2358,2014,0.637323,電氣機械和器材製造業
2359,2014,-0.009317,金屬製品業
2360,2014,0.286149,化學原料和化學製品製造業
2361,2014,0.54355,化學原料和化學製品製造業
2362,2014,0.287365,計算機、通信和其他電子設備製造業
2363,2014,0.630711,汽車製造業
2364,2014,0.320608,電氣機械和器材製造業
2365,2014,0.353302,醫藥製造業
2366,2014,2.084432,通用設備製造業
2367,2014,0.765133,通用設備製造業
2368,2014,0.356706,軟件和信息技術服務業
2369,2014,0.084239,計算機、通信和其他電子設備製造業
2370,2014,-0.087098,醫藥製造業
2371,2014,0.219446,計算機、通信和其他電子設備製造業
2372,2014,0.461576,橡膠和塑料製品業
2373,2014,1.436823,軟件和信息技術服務業
2374,2014,0.647096,金屬製品業
2375,2014,-0.039643,建築裝飾和其他建築業
2376,2014,0.010533,計算機、通信和其他電子設備製造業
2377,2014,0.907404,石油加工、煉焦和核燃料加工業
2378,2014,0.256031,有色金屬冶煉和壓延加工業
2379,2014,0.495182,有色金屬冶煉和壓延加工業
2380,2014,0.0179,電氣機械和器材製造業
2381,2014,0.059236,橡膠和塑料製品業
2382,2014,0.397439,橡膠和塑料製品業
2383,2014,0.328859,計算機、通信和其他電子設備製造業
2384,2014,0.048882,金屬製品業
2385,2014,-0.172043,農副食品加工業
2386,2014,0.304193,化學原料和化學製品製造業
2387,2014,0.922944,酒、飲料和精製茶製造業
2388,2014,0.506374,計算機、通信和其他電子設備製造業
2389,2014,0.401967,計算機、通信和其他電子設備製造業
2390,2014,0.467776,醫藥製造業
2391,2014,0.019017,化學原料和化學製品製造業
2392,2014,0.964116,非金屬礦物製品業
2393,2014,-0.170271,醫藥製造業
2394,2014,0.013476,紡織業
2395,2014,0.307703,橡膠和塑料製品業
2396,2014,0.289291,計算機、通信和其他電子設備製造業
2397,2014,0.357021,紡織業
2398,2014,0.195634,專業技術服務業
2399,2014,0.291657,醫藥製造業
2400,2014,-0.098909,商務服務業
2401,2014,0.744018,軟件和信息技術服務業
2402,2014,0.359135,計算機、通信和其他電子設備製造業
2403,2014,0.290436,金屬製品業
2404,2014,0.51154,紡織服裝、服飾業
2405,2014,0.59862,軟件和信息技術服務業
2406,2014,0.177889,汽車製造業
2407,2014,0.238705,化學原料和化學製品製造業
2408,2014,0.155559,化學原料和化學製品製造業
2409,2014,0.236557,化學原料和化學製品製造業
2410,2014,0.007332,軟件和信息技術服務業
2411,2014,0.092108,化學原料和化學製品製造業
2412,2014,-0.169627,醫藥製造業
2413,2014,1.450121,電氣機械和器材製造業
2414,2014,-0.108454,計算機、通信和其他電子設備製造業
2415,2014,-0.01155,計算機、通信和其他電子設備製造業
2416,2014,-0.41911,批發業
2417,2014,0.196816,計算機、通信和其他電子設備製造業
2418,2014,1.005814,通用設備製造業
2419,2014,0.370056,零售業
2420,2014,0.135593,橡膠和塑料製品業
2421,2014,0.687384,軟件和信息技術服務業
2422,2014,-0.038448,醫藥製造業
2423,2014,0.30055,專用設備製造業
2424,2014,0.633422,醫藥製造業
2425,2014,0.255155,紡織服裝、服飾業
2426,2014,0.376381,計算機、通信和其他電子設備製造業
2427,2014,1.006698,化學纖維製造業
2428,2014,0.102009,有色金屬冶煉和壓延加工業
2429,2014,-0.155556,計算機、通信和其他電子設備製造業
2430,2014,0.192539,專用設備製造業
2431,2014,0.029311,土木工程建築業
2432,2014,1.082577,專用設備製造業
2433,2014,0.519424,醫藥製造業
2434,2014,0.698014,汽車製造業
2435,2014,0.184297,專用設備製造業
2436,2014,0.592031,計算機、通信和其他電子設備製造業
2437,2014,0.412924,醫藥製造業
2438,2014,0.615001,通用設備製造業
2439,2014,0.650664,互聯網和相關服務
2440,2014,0.136252,化學原料和化學製品製造業
2441,2014,0.526838,批發業
2442,2014,1.008941,化學原料和化學製品製造業
2443,2014,0.034696,金屬製品業
2444,2014,0.391827,金屬製品業
2445,2014,0.942517,金屬製品業
2446,2014,1.772921,計算機、通信和其他電子設備製造業
2447,2014,0.147446,漁業
2448,2014,0.466727,汽車製造業
2449,2014,0.260018,計算機、通信和其他電子設備製造業
2450,2014,0.197615,橡膠和塑料製品業
2451,2014,0.615052,電氣機械和器材製造業
2452,2014,1.02388,電氣機械和器材製造業
2453,2014,0.517374,化學原料和化學製品製造業
2454,2014,0.768047,汽車製造業
2455,2014,0.409641,化學原料和化學製品製造業
2456,2014,-0.208115,計算機、通信和其他電子設備製造業
2457,2014,0.26432,非金屬礦物製品業
2458,2014,0.440244,畜牧業
2459,2014,0.800285,專用設備製造業
2460,2014,0.291919,有色金屬冶煉和壓延加工業
2461,2014,0.348358,酒、飲料和精製茶製造業
2462,2014,0.788977,批發業
2463,2014,0.599463,計算機、通信和其他電子設備製造業
2464,2014,0.206786,橡膠和塑料製品業
2465,2014,0.401829,計算機、通信和其他電子設備製造業
2466,2014,0.335207,化學原料和化學製品製造業
2467,2014,0.32095,互聯網和相關服務
2468,2014,1.442955,通用設備製造業
2469,2014,0.306988,專業技術服務業
2470,2014,0.272828,化學原料和化學製品製造業
2471,2014,0.156279,電氣機械和器材製造業
2472,2014,0.727528,通用設備製造業
2473,2014,0.246804,電氣機械和器材製造業
2474,2014,0.916843,軟件和信息技術服務業
2475,2014,0.161554,計算機、通信和其他電子設備製造業
2476,2014,-0.13975,化學原料和化學製品製造業
2477,2014,-0.150021,畜牧業
2478,2014,0.122171,金屬製品業
2479,2014,0.097945,電力、熱力生產和供應業
2480,2014,0.396786,通用設備製造業
2481,2014,0.371243,食品製造業
2482,2014,-0.218097,建築裝飾和其他建築業
2483,2014,0.131717,通用設備製造業
2484,2014,0.177893,計算機、通信和其他電子設備製造業
2485,2014,0.662866,紡織服裝、服飾業
2486,2014,0.106079,紡織服裝、服飾業
2487,2014,0.503762,金屬製品業
2488,2014,1.461885,汽車製造業
2489,2014,0.399439,傢俱製造業
2490,2014,-0.182765,專用設備製造業
2491,2014,0.802382,電氣機械和器材製造業
2492,2014,0.099743,倉儲業
2493,2014,0.473106,化學纖維製造業
2494,2014,-0.03242,皮革、毛皮、羽毛及其製品和制鞋業
2495,2014,1.688493,食品製造業
2496,2014,0.723742,化學原料和化學製品製造業
2497,2014,0.453755,化學原料和化學製品製造業
2498,2014,0.112854,電氣機械和器材製造業
2499,2014,-0.002346,專用設備製造業
2500,2014,1.346016,資本市場服務
2501,2014,1.013804,有色金屬冶煉和壓延加工業
2502,2014,0.66901,文教、工美、體育和娛樂用品製造業
2503,2014,1.404702,紡織服裝、服飾業
2504,2014,1.055079,計算機、通信和其他電子設備製造業
2505,2014,0.579485,畜牧業
2506,2014,-0.180258,計算機、通信和其他電子設備製造業
2507,2014,-0.002629,食品製造業
2508,2014,0.046404,電氣機械和器材製造業
2509,2014,0.367833,專用設備製造業
2510,2014,0.611529,汽車製造業
2511,2014,0.087958,造紙和紙製品業
2512,2014,0.722128,計算機、通信和其他電子設備製造業
2513,2014,0.088689,化學原料和化學製品製造業
2514,2014,0.178956,金屬製品業
2515,2014,0.597798,農副食品加工業
2516,2014,0.591394,紡織業
2517,2014,0.824051,皮革、毛皮、羽毛及其製品和制鞋業
2518,2014,0.190879,電氣機械和器材製造業
2519,2014,0.418016,計算機、通信和其他電子設備製造業
2520,2014,0.614646,通用設備製造業
2521,2014,0.37839,造紙和紙製品業
2522,2014,2.158438,橡膠和塑料製品業
2523,2014,0.333948,通用設備製造業
2524,2014,-0.004747,建築裝飾和其他建築業
2526,2014,0.373428,專用設備製造業
2527,2014,0.503537,電氣機械和器材製造業
2528,2014,-0.070656,計算機、通信和其他電子設備製造業
2529,2014,0.317046,通用設備製造業
2530,2014,0.325235,通用設備製造業
2531,2014,0.597924,電氣機械和器材製造業
2532,2014,-0.098338,通用設備製造業
2533,2014,0.661157,電氣機械和器材製造業
2534,2014,0.575198,通用設備製造業
2535,2014,0.173759,專用設備製造業
2536,2014,0.220448,汽車製造業
2537,2014,0.115743,通用設備製造業
2538,2014,0.591431,化學原料和化學製品製造業
2539,2014,1.049125,化學原料和化學製品製造業
2540,2014,0.817123,有色金屬冶煉和壓延加工業
2541,2014,0.175803,金屬製品業
2542,2014,0.963171,土木工程建築業
2543,2014,-0.00475,電氣機械和器材製造業
2544,2014,2.775168,軟件和信息技術服務業
2545,2014,-0.08189,金屬製品業
2546,2014,0.214526,電氣機械和器材製造業
2547,2014,0.56381,金屬製品業
2548,2014,0.627844,農副食品加工業
2549,2014,0.406855,生態保護和環境治理業
2550,2014,0.167968,醫藥製造業
2551,2014,-0.118637,專用設備製造業
2552,2014,0.84431,通用設備製造業
2553,2014,-0.083347,通用設備製造業
2554,2014,-0.152192,開採輔助活動
2555,2014,0.57107,汽車製造業
2556,2014,0.284461,零售業
2557,2014,-0.193519,農副食品加工業
2558,2014,0.265275,公共設施管理業
2559,2014,0.092339,通用設備製造業
2560,2014,-0.061014,電氣機械和器材製造業
2561,2014,0.201384,零售業
2562,2014,0.170964,化學原料和化學製品製造業
2563,2014,0.27714,紡織服裝、服飾業
2564,2014,0.167845,專用設備製造業
2565,2014,-0.18228,造紙和紙製品業
2566,2014,-0.232637,醫藥製造業
2567,2014,-0.079344,農副食品加工業
2568,2014,1.78899,化學原料和化學製品製造業
2569,2014,0.722814,紡織服裝、服飾業
2570,2014,-0.131237,食品製造業
2571,2014,-0.077286,非金屬礦物製品業
2572,2014,-0.008713,傢俱製造業
2573,2014,0.259204,生態保護和環境治理業
2574,2014,0.152223,其他製造業
2575,2014,0.182705,文教、工美、體育和娛樂用品製造業
2576,2014,1.495244,電氣機械和器材製造業
2577,2014,0.64755,計算機、通信和其他電子設備製造業
2578,2014,0.624565,有色金屬冶煉和壓延加工業
2579,2014,0.769914,計算機、通信和其他電子設備製造業
2580,2014,0.266862,電氣機械和器材製造業
2581,2014,1.408047,化學原料和化學製品製造業
2582,2014,-0.18075,農副食品加工業
2583,2014,0.068758,計算機、通信和其他電子設備製造業
2584,2014,0.537563,化學原料和化學製品製造業
2585,2014,0.115749,橡膠和塑料製品業
2586,2014,-0.034796,土木工程建築業
2587,2014,0.444239,計算機、通信和其他電子設備製造業
2588,2014,0.397425,化學原料和化學製品製造業
2589,2014,0.278905,批發業
2590,2014,0.564746,汽車製造業
2591,2014,0.408405,化學原料和化學製品製造業
2592,2014,0.744309,汽車製造業
2593,2014,0.719707,汽車製造業
2594,2014,0.013462,汽車製造業
2595,2014,0.271929,專用設備製造業
2596,2014,0.117917,非金屬礦物製品業
2597,2014,0.353266,化學原料和化學製品製造業
2598,2014,0.310689,通用設備製造業
2599,2014,0.229969,印刷和記錄媒介複製業
2600,2014,0.231302,計算機、通信和其他電子設備製造業
2601,2014,0.211197,化學原料和化學製品製造業
2602,2014,2.641096,汽車製造業
2603,2014,-0.107954,醫藥製造業
2604,2014,-0.106394,農副食品加工業
2605,2014,0.811429,文教、工美、體育和娛樂用品製造業
2606,2014,0.268395,電氣機械和器材製造業
2607,2014,0.386316,零售業
2608,2014,0.108457,鐵路、船舶、航空航天和其他運輸設備製造業
2609,2014,0.902678,軟件和信息技術服務業
2610,2014,0.732848,其他製造業
2611,2014,1.657758,專用設備製造業
2612,2014,-0.139724,紡織服裝、服飾業
2613,2014,0.6717,專用設備製造業
2614,2014,-0.151996,專用設備製造業
2615,2014,0.228879,金屬製品業
2616,2014,0.345745,電氣機械和器材製造業
2617,2014,0.919296,電氣機械和器材製造業
2618,2014,-0.293775,計算機、通信和其他電子設備製造業
2619,2014,0.569255,非金屬礦物製品業
2620,2014,-0.015994,建築裝飾和其他建築業
2621,2014,0.348283,專用設備製造業
2622,2014,1.140769,電氣機械和器材製造業
2623,2014,0.16071,非金屬礦物製品業
2624,2014,1.419698,非金屬礦物製品業
2625,2014,0.615154,汽車製造業
2626,2014,1.511189,食品製造業
2627,2014,0.340222,道路運輸業
2628,2014,0.128078,土木工程建築業
2629,2014,0.023484,開採輔助活動
2630,2014,0.185469,通用設備製造業
2631,2014,0.378755,木材加工和木、竹、籐、棕、草製品業
2632,2014,0.323021,化學原料和化學製品製造業
2633,2014,1.339474,通用設備製造業
2634,2014,0.391036,紡織服裝、服飾業
2635,2014,-0.241899,計算機、通信和其他電子設備製造業
2636,2014,0.441042,計算機、通信和其他電子設備製造業
2637,2014,0.065567,化學原料和化學製品製造業
2638,2014,0.062758,電氣機械和器材製造業
2639,2014,0.378518,通用設備製造業
2640,2014,0.887082,零售業
2641,2014,0.020974,橡膠和塑料製品業
2642,2014,0.612233,軟件和信息技術服務業
2643,2014,0.185681,化學原料和化學製品製造業
2644,2014,0.298088,醫藥製造業
2645,2014,0.608724,專用設備製造業
2646,2014,0.093668,酒、飲料和精製茶製造業
2647,2014,0.213656,電氣機械和器材製造業
2648,2014,-0.153012,化學原料和化學製品製造業
2649,2014,0.082526,軟件和信息技術服務業
2650,2014,0.285649,食品製造業
2651,2014,0.533532,專用設備製造業
2652,2014,0.517485,金屬製品業
2653,2014,-0.120659,醫藥製造業
2654,2014,0.200394,計算機、通信和其他電子設備製造業
2655,2014,0.219843,計算機、通信和其他電子設備製造業
2656,2014,0.058974,紡織服裝、服飾業
2657,2014,1.622944,軟件和信息技術服務業
2658,2014,0.21893,儀器儀表製造業
2659,2014,1.02434,土木工程建築業
2660,2014,0.23581,計算機、通信和其他電子設備製造業
2661,2014,-0.022836,食品製造業
2662,2014,0.702428,汽車製造業
2663,2014,-0.143167,土木工程建築業
2664,2014,0.052914,汽車製造業
2665,2014,0.467873,電氣機械和器材製造業
2666,2014,0.347721,化學原料和化學製品製造業
2667,2014,0.392526,專用設備製造業
2668,2014,-0.079016,電氣機械和器材製造業
2669,2014,0.710716,化學原料和化學製品製造業
2670,2014,0.170899,電氣機械和器材製造業
2671,2014,0.067123,非金屬礦物製品業
2672,2014,0.513692,生態保護和環境治理業
2673,2014,1.853342,資本市場服務
2674,2014,-0.019743,皮革、毛皮、羽毛及其製品和制鞋業
2675,2014,0.412002,醫藥製造業
2676,2014,0.330954,橡膠和塑料製品業
2677,2014,0.81591,電氣機械和器材製造業
2678,2014,0.884803,文教、工美、體育和娛樂用品製造業
2679,2014,0.052526,林業
2680,2014,0.156265,專用設備製造業
2681,2014,0.126976,計算機、通信和其他電子設備製造業
2682,2014,0.130586,道路運輸業
2683,2014,-0.204265,開採輔助活動
2684,2014,1.13436,電氣機械和器材製造業
2685,2014,0.59615,通用設備製造業
2686,2014,0.504189,通用設備製造業
2687,2014,0.376409,紡織服裝、服飾業
2688,2014,0.060143,醫藥製造業
2689,2014,0.649037,通用設備製造業
2690,2014,0.162758,專用設備製造業
2691,2014,0.508283,專用設備製造業
2692,2014,0.313872,電氣機械和器材製造業
2693,2014,0.317911,醫藥製造業
2694,2014,0.307878,橡膠和塑料製品業
2695,2014,-0.018584,農副食品加工業
2696,2014,0.060587,漁業
2697,2014,0.631538,零售業
2698,2014,-0.166836,專用設備製造業
2699,2014,0.848251,文化藝術業
2700,2014,0.24918,燃氣生產和供應業
2701,2014,0.093497,金屬製品業
2702,2014,0.332866,農副食品加工業
2703,2014,0.317021,汽車製造業
2705,2014,0,電氣機械和器材製造業
2706,2014,0,電氣機械和器材製造業
2707,2014,0,商務服務業
2708,2014,0,汽車製造業
2709,2014,0,化學原料和化學製品製造業
2711,2014,0,倉儲業
2712,2014,0,商務服務業
2713,2014,0,建築裝飾和其他建築業
2714,2014,0,畜牧業
2715,2014,0,汽車製造業
2716,2014,0,有色金屬冶煉和壓延加工業
2717,2014,0,土木工程建築業
2718,2014,0,其他製造業
2719,2014,0,食品製造業
2721,2014,0,其他製造業
2722,2014,0,專用設備製造業
2723,2014,0,電氣機械和器材製造業
2725,2014,0,汽車製造業
300001,2014,0.63486,電氣機械和器材製造業
300002,2014,0.135728,軟件和信息技術服務業
300003,2014,0.430461,專用設備製造業
300004,2014,0.13086,通用設備製造業
300005,2014,0.423044,紡織服裝、服飾業
300006,2014,0.034068,醫藥製造業
300007,2014,0.865108,儀器儀表製造業
300008,2014,0.167285,專業技術服務業
300009,2014,0.339996,醫藥製造業
300010,2014,0.768172,軟件和信息技術服務業
300011,2014,1.041864,鐵路、船舶、航空航天和其他運輸設備製造業
300012,2014,-0.069576,專業技術服務業
300013,2014,0.246465,倉儲業
300014,2014,-0.206857,電氣機械和器材製造業
300015,2014,0.328285,衛生
300016,2014,0.824556,醫藥製造業
300017,2014,0.139705,軟件和信息技術服務業
300018,2014,0.822443,電氣機械和器材製造業
300019,2014,0.323823,化學原料和化學製品製造業
300020,2014,0.104436,軟件和信息技術服務業
300021,2014,0.18233,橡膠和塑料製品業
300022,2014,0.343391,零售業
300023,2014,0.444444,專用設備製造業
300024,2014,0.784165,通用設備製造業
300025,2014,0.537287,軟件和信息技術服務業
300026,2014,-0.029951,醫藥製造業
300027,2014,-0.047644,廣播、電視、電影和影視錄音製作業
300028,2014,0.873016,計算機、通信和其他電子設備製造業
300029,2014,-0.018271,專用設備製造業
300030,2014,0.360295,專用設備製造業
300031,2014,0.374189,橡膠和塑料製品業
300032,2014,0.101846,電氣機械和器材製造業
300033,2014,2.828962,軟件和信息技術服務業
300034,2014,0.724045,有色金屬冶煉和壓延加工業
300035,2014,-0.014234,專用設備製造業
300036,2014,0.512528,軟件和信息技術服務業
300037,2014,0.562816,化學原料和化學製品製造業
300038,2014,0.177041,計算機、通信和其他電子設備製造業
300039,2014,0.059615,醫藥製造業
300040,2014,0.268823,電氣機械和器材製造業
300041,2014,0.260719,化學原料和化學製品製造業
300042,2014,0.160535,計算機、通信和其他電子設備製造業
300043,2014,0.477774,文教、工美、體育和娛樂用品製造業
300044,2014,0.44232,軟件和信息技術服務業
300045,2014,-0.318134,專用設備製造業
300046,2014,0.160707,計算機、通信和其他電子設備製造業
300047,2014,0.181769,軟件和信息技術服務業
300048,2014,0.623431,電氣機械和器材製造業
300049,2014,0.365546,醫藥製造業
300050,2014,0.265442,軟件和信息技術服務業
300051,2014,0.167653,軟件和信息技術服務業
300052,2014,-0.177786,軟件和信息技術服務業
300053,2014,0.667418,計算機、通信和其他電子設備製造業
300054,2014,0.003319,化學原料和化學製品製造業
300055,2014,0.146761,土木工程建築業
300056,2014,0.417954,專用設備製造業
300057,2014,-0.182721,有色金屬冶煉和壓延加工業
300058,2014,-0.181531,商務服務業
300059,2014,2.3188,互聯網和相關服務
300061,2014,0.306385,其他製造業
300062,2014,0.163601,電氣機械和器材製造業
300063,2014,2.126905,化學原料和化學製品製造業
300064,2014,0.271575,非金屬礦物製品業
300065,2014,1.395194,計算機、通信和其他電子設備製造業
300066,2014,0.362954,儀器儀表製造業
300067,2014,0.837281,化學原料和化學製品製造業
300068,2014,0.288451,電氣機械和器材製造業
300069,2014,0.385905,電氣機械和器材製造業
300070,2014,0.020729,生態保護和環境治理業
300071,2014,0.132809,商務服務業
300072,2014,0.432183,化學原料和化學製品製造業
300073,2014,0.592713,非金屬礦物製品業
300074,2014,-0.15267,軟件和信息技術服務業
300075,2014,0.017998,軟件和信息技術服務業
300076,2014,0.02717,計算機、通信和其他電子設備製造業
300077,2014,0.072116,計算機、通信和其他電子設備製造業
300078,2014,-0.162339,計算機、通信和其他電子設備製造業
300079,2014,0.261594,計算機、通信和其他電子設備製造業
300080,2014,0.093911,非金屬礦物製品業
300081,2014,1.19019,零售業
300082,2014,0.085394,化學原料和化學製品製造業
300083,2014,0.117674,計算機、通信和其他電子設備製造業
300084,2014,0.833925,開採輔助活動
300085,2014,1.604551,軟件和信息技術服務業
300086,2014,0.452832,醫藥製造業
300087,2014,0.293872,農業
300088,2014,0.038959,計算機、通信和其他電子設備製造業
300089,2014,0.188525,非金屬礦物製品業
300090,2014,-0.291727,通用設備製造業
300091,2014,0.859602,通用設備製造業
300092,2014,0.611983,專用設備製造業
300093,2014,0.485986,非金屬礦物製品業
300094,2014,0.254546,漁業
300095,2014,0.494652,專用設備製造業
300096,2014,-0.027474,軟件和信息技術服務業
300097,2014,0.077202,專用設備製造業
300098,2014,0.595263,計算機、通信和其他電子設備製造業
300099,2014,-0.086514,專用設備製造業
300100,2014,0.443124,汽車製造業
300101,2014,0.111729,計算機、通信和其他電子設備製造業
300102,2014,0.076699,計算機、通信和其他電子設備製造業
300103,2014,0.385264,專用設備製造業
300104,2014,-0.20429,互聯網和相關服務
300105,2014,0.109905,通用設備製造業
300106,2014,-0.038145,畜牧業
300107,2014,0.188247,化學原料和化學製品製造業
300108,2014,0.883627,化學原料和化學製品製造業
300109,2014,1.282077,化學原料和化學製品製造業
300110,2014,0.247463,醫藥製造業
300111,2014,0.223757,計算機、通信和其他電子設備製造業
300112,2014,0.074736,儀器儀表製造業
300113,2014,-0.130721,互聯網和相關服務
300114,2014,0.95117,計算機、通信和其他電子設備製造業
300115,2014,-0.036998,計算機、通信和其他電子設備製造業
300116,2014,0.785038,其他製造業
300117,2014,0.275032,建築裝飾和其他建築業
300118,2014,0.221003,計算機、通信和其他電子設備製造業
300119,2014,-0.245162,醫藥製造業
300120,2014,0.291804,電氣機械和器材製造業
300121,2014,0.276524,化學原料和化學製品製造業
300122,2014,-0.166623,醫藥製造業
300123,2014,0.314086,鐵路、船舶、航空航天和其他運輸設備製造業
300124,2014,0.013258,電氣機械和器材製造業
300125,2014,0.306681,專業技術服務業
300126,2014,1.021895,通用設備製造業
300127,2014,0.360395,計算機、通信和其他電子設備製造業
300128,2014,-0.002199,計算機、通信和其他電子設備製造業
300129,2014,0.335907,電氣機械和器材製造業
300130,2014,0.588278,專用設備製造業
300131,2014,2.187901,計算機、通信和其他電子設備製造業
300132,2014,0.285458,化學原料和化學製品製造業
300133,2014,-0.212779,廣播、電視、電影和影視錄音製作業
300134,2014,2.313722,計算機、通信和其他電子設備製造業
300135,2014,0.015914,化學原料和化學製品製造業
300136,2014,0.984126,計算機、通信和其他電子設備製造業
300137,2014,0.347008,儀器儀表製造業
300138,2014,0.229142,農副食品加工業
300139,2014,0.651005,計算機、通信和其他電子設備製造業
300140,2014,-0.016442,電氣機械和器材製造業
300141,2014,0.368957,電氣機械和器材製造業
300142,2014,0.347503,醫藥製造業
300143,2014,0.302041,農業
300144,2014,0.572681,公共設施管理業
300145,2014,0.04101,通用設備製造業
300146,2014,-0.275584,食品製造業
300147,2014,0.172325,醫藥製造業
300148,2014,0.059365,新聞和出版業
300149,2014,-0.386934,食品製造業
300150,2014,0.749127,軟件和信息技術服務業
300151,2014,0.816354,專用設備製造業
300152,2014,0.061588,通用設備製造業
300153,2014,0.490913,電氣機械和器材製造業
300154,2014,0.200534,通用設備製造業
300155,2014,0.81168,計算機、通信和其他電子設備製造業
300156,2014,0.946264,專用設備製造業
300157,2014,-0.353159,開採輔助活動
300158,2014,-0.03271,醫藥製造業
300159,2014,0.948987,專用設備製造業
300160,2014,0.893799,非金屬礦物製品業
300161,2014,0.054285,通用設備製造業
300162,2014,2.919506,計算機、通信和其他電子設備製造業
300163,2014,0.15196,其他製造業
300164,2014,-0.124681,石油和天然氣開採業
300165,2014,0.032922,儀器儀表製造業
300166,2014,0.97509,軟件和信息技術服務業
300167,2014,0.176035,軟件和信息技術服務業
300168,2014,2.311434,軟件和信息技術服務業
300169,2014,0.297638,橡膠和塑料製品業
300170,2014,0.734196,軟件和信息技術服務業
300171,2014,0.019506,專用設備製造業
300172,2014,0.353241,生態保護和環境治理業
300173,2014,1.160124,專用設備製造業
300174,2014,0.149606,化學原料和化學製品製造業
300175,2014,0.58244,農副食品加工業
300176,2014,0.295991,汽車製造業
300177,2014,0.024679,計算機、通信和其他電子設備製造業
300178,2014,0.780541,商務服務業
300179,2014,0.364641,非金屬礦物製品業
300180,2014,0.452616,橡膠和塑料製品業
300181,2014,0.058312,醫藥製造業
300182,2014,-0.094722,軟件和信息技術服務業
300183,2014,0.741101,軟件和信息技術服務業
300184,2014,0.394964,批發業
300185,2014,0.217573,通用設備製造業
300186,2014,-0.080523,醫藥製造業
300187,2014,0.058096,生態保護和環境治理業
300188,2014,0.523913,軟件和信息技術服務業
300189,2014,-0.083072,農業
300190,2014,0.157899,生態保護和環境治理業
300191,2014,-0.4374,開採輔助活動
300192,2014,0.755853,化學原料和化學製品製造業
300193,2014,0.042353,通用設備製造業
300194,2014,0.495304,醫藥製造業
300195,2014,-0.080106,專用設備製造業
300196,2014,0.382502,非金屬礦物製品業
300197,2014,-0.142258,土木工程建築業
300198,2014,-0.041227,橡膠和塑料製品業
300199,2014,0.273585,醫藥製造業
300200,2014,0.449123,化學原料和化學製品製造業
300201,2014,0.221621,專用設備製造業
300202,2014,0.440617,專用設備製造業
300203,2014,0.179142,儀器儀表製造業
300204,2014,-0.032909,醫藥製造業
300205,2014,-0.183286,計算機、通信和其他電子設備製造業
300206,2014,0.162075,專用設備製造業
300207,2014,0.173728,電氣機械和器材製造業
300208,2014,1.385714,電氣機械和器材製造業
300209,2014,0.362108,軟件和信息技術服務業
300210,2014,0.183503,專用設備製造業
300211,2014,0.123064,計算機、通信和其他電子設備製造業
300212,2014,0.174106,軟件和信息技術服務業
300213,2014,1.706665,計算機、通信和其他電子設備製造業
300214,2014,0.191675,化學原料和化學製品製造業
300215,2014,-0.322218,專業技術服務業
300216,2014,2.115559,專用設備製造業
300217,2014,0.106107,電氣機械和器材製造業
300218,2014,-0.131912,橡膠和塑料製品業
300219,2014,0.271613,計算機、通信和其他電子設備製造業
300220,2014,1.141741,計算機、通信和其他電子設備製造業
300221,2014,1.166801,橡膠和塑料製品業
300222,2014,0.915832,電氣機械和器材製造業
300223,2014,-0.161354,計算機、通信和其他電子設備製造業
300224,2014,0.639587,非金屬礦物製品業
300225,2014,0.382683,化學原料和化學製品製造業
300226,2014,1.12352,互聯網和相關服務
300227,2014,0.225115,計算機、通信和其他電子設備製造業
300228,2014,-0.380434,專用設備製造業
300229,2014,0.114945,軟件和信息技術服務業
300230,2014,0.231187,橡膠和塑料製品業
300231,2014,0.746705,軟件和信息技術服務業
300232,2014,0.36267,計算機、通信和其他電子設備製造業
300233,2014,0.8045,醫藥製造業
300234,2014,0.207828,非金屬礦物製品業
300235,2014,0.527678,軟件和信息技術服務業
300236,2014,-0.263447,化學原料和化學製品製造業
300237,2014,0.462961,汽車製造業
300238,2014,0.589597,專用設備製造業
300239,2014,-0.029849,醫藥製造業
300240,2014,0.207247,倉儲業
300241,2014,-0.045781,計算機、通信和其他電子設備製造業
300242,2014,1.151709,電氣機械和器材製造業
300243,2014,0.518,化學原料和化學製品製造業
300244,2014,0.276488,衛生
300245,2014,0.586699,軟件和信息技術服務業
300246,2014,0.16611,專用設備製造業
300247,2014,0.467608,電氣機械和器材製造業
300248,2014,2.670564,軟件和信息技術服務業
300249,2014,0.269841,專用設備製造業
300250,2014,1.061332,計算機、通信和其他電子設備製造業
300251,2014,0.295417,廣播、電視、電影和影視錄音製作業
300252,2014,1.412798,電氣機械和器材製造業
300253,2014,0.93064,軟件和信息技術服務業
300254,2014,0.898023,醫藥製造業
300255,2014,0.333459,醫藥製造業
300256,2014,0.120937,計算機、通信和其他電子設備製造業
300257,2014,-0.076518,通用設備製造業
300258,2014,0.360113,汽車製造業
300259,2014,0.055071,儀器儀表製造業
300260,2014,0.06554,通用設備製造業
300261,2014,0.390294,化學原料和化學製品製造業
300262,2014,0.391584,生態保護和環境治理業
300263,2014,0.25813,通用設備製造業
300264,2014,0.353519,軟件和信息技術服務業
300265,2014,1.018539,電氣機械和器材製造業
300266,2014,2.117465,通用設備製造業
300267,2014,1.036734,醫藥製造業
300268,2014,0.771682,農副食品加工業
300269,2014,0.643989,計算機、通信和其他電子設備製造業
300270,2014,0.203115,計算機、通信和其他電子設備製造業
300271,2014,0.341453,軟件和信息技術服務業
300272,2014,0.839925,電氣機械和器材製造業
300273,2014,0.165106,專用設備製造業
300274,2014,0.00986,電氣機械和器材製造業
300275,2014,0.036063,軟件和信息技術服務業
300276,2014,0.566927,專用設備製造業
300277,2014,0.091044,軟件和信息技術服務業
300278,2014,1.235783,專用設備製造業
300279,2014,0.891148,電氣機械和器材製造業
300280,2014,0.534555,通用設備製造業
300281,2014,0.49235,專用設備製造業
300282,2014,0.432624,計算機、通信和其他電子設備製造業
300283,2014,0.636201,電氣機械和器材製造業
300284,2014,0.118205,專業技術服務業
300285,2014,-0.075258,化學原料和化學製品製造業
300286,2014,-0.110912,儀器儀表製造業
300287,2014,0.509305,軟件和信息技術服務業
300288,2014,2.765182,電信、廣播電視和衛星傳輸服務
300289,2014,-0.182632,醫藥製造業
300290,2014,0.462152,軟件和信息技術服務業
300291,2014,0.740501,廣播、電視、電影和影視錄音製作業
300292,2014,0.700627,計算機、通信和其他電子設備製造業
300293,2014,0.368068,專用設備製造業
300294,2014,0.259095,醫藥製造業
300295,2014,0.489726,互聯網和相關服務
300296,2014,1.634388,計算機、通信和其他電子設備製造業
300297,2014,0.147295,軟件和信息技術服務業
300298,2014,-0.308438,專用設備製造業
300299,2014,0.106298,軟件和信息技術服務業
300300,2014,0.141436,軟件和信息技術服務業
300301,2014,0.297986,計算機、通信和其他電子設備製造業
300302,2014,0.166898,軟件和信息技術服務業
300303,2014,0.119966,計算機、通信和其他電子設備製造業
300304,2014,-0.217732,汽車製造業
300305,2014,0.250568,橡膠和塑料製品業
300306,2014,0.158421,儀器儀表製造業
300307,2014,-0.189304,專用設備製造業
300308,2014,0.378383,專用設備製造業
300309,2014,-0.012268,儀器儀表製造業
300310,2014,0.355562,電信、廣播電視和衛星傳輸服務
300311,2014,0.195088,軟件和信息技術服務業
300312,2014,0.374072,軟件和信息技術服務業
300313,2014,0.2954,畜牧業
300314,2014,0.038286,專用設備製造業
300315,2014,-0.115175,軟件和信息技術服務業
300316,2014,1.003395,專用設備製造業
300317,2014,1.010308,電氣機械和器材製造業
300318,2014,0.256597,專用設備製造業
300319,2014,-0.000314,計算機、通信和其他電子設備製造業
300320,2014,0.567863,橡膠和塑料製品業
300321,2014,0.484217,橡膠和塑料製品業
300322,2014,0.262629,計算機、通信和其他電子設備製造業
300323,2014,0.205286,計算機、通信和其他電子設備製造業
300324,2014,2.879526,軟件和信息技術服務業
300325,2014,0.514032,橡膠和塑料製品業
300326,2014,-0.182468,專用設備製造業
300327,2014,-0.22586,計算機、通信和其他電子設備製造業
300328,2014,0.642701,金屬製品業
300329,2014,0.66158,文教、工美、體育和娛樂用品製造業
300330,2014,0.195253,軟件和信息技術服務業
300331,2014,0.020176,計算機、通信和其他電子設備製造業
300332,2014,-0.062586,專業技術服務業
300333,2014,0.444685,軟件和信息技術服務業
300334,2014,0.013488,專用設備製造業
300335,2014,0.065944,電力、熱力生產和供應業
300336,2014,0.030976,廣播、電視、電影和影視錄音製作業
300337,2014,0.128867,有色金屬冶煉和壓延加工業
300338,2014,0.25675,儀器儀表製造業
300339,2014,0.415664,軟件和信息技術服務業
300340,2014,0.182562,計算機、通信和其他電子設備製造業
300341,2014,0.47483,電氣機械和器材製造業
300342,2014,-0.126109,電氣機械和器材製造業
300343,2014,-0.223667,化學原料和化學製品製造業
300344,2014,0.100885,非金屬礦物製品業
300345,2014,0.265513,金屬製品業
300346,2014,-0.169425,計算機、通信和其他電子設備製造業
300347,2014,-0.043926,研究和試驗發展
300348,2014,1.6386,軟件和信息技術服務業
300349,2014,0.024909,儀器儀表製造業
300350,2014,-0.040467,倉儲業
300351,2014,1.118884,計算機、通信和其他電子設備製造業
300352,2014,0.76864,軟件和信息技術服務業
300353,2014,0.429356,計算機、通信和其他電子設備製造業
300354,2014,0.617217,儀器儀表製造業
300355,2014,0.153973,土木工程建築業
300356,2014,0.550096,電氣機械和器材製造業
300357,2014,NA,醫藥製造業
300358,2014,NA,專用設備製造業
300359,2014,NA,軟件和信息技術服務業
300360,2014,NA,儀器儀表製造業
300362,2014,NA,通用設備製造業
300363,2014,NA,醫藥製造業
300365,2014,NA,軟件和信息技術服務業
300366,2014,NA,軟件和信息技術服務業
300367,2014,NA,計算機、通信和其他電子設備製造業
300368,2014,NA,專用設備製造業
300369,2014,NA,軟件和信息技術服務業
300370,2014,NA,儀器儀表製造業
300371,2014,NA,儀器儀表製造業
300372,2014,NA,電氣機械和器材製造業
300373,2014,NA,電氣機械和器材製造業
300375,2014,NA,橡膠和塑料製品業
300376,2014,NA,電氣機械和器材製造業
300377,2014,NA,軟件和信息技術服務業
300378,2014,NA,軟件和信息技術服務業
300379,2014,NA,軟件和信息技術服務業
300380,2014,NA,軟件和信息技術服務業
300381,2014,NA,食品製造業
300382,2014,NA,專用設備製造業
300383,2014,NA,互聯網和相關服務
600000,2014,0.785312,貨幣金融服務
600004,2014,0.655083,航空運輸業
600005,2014,0.643385,黑色金屬冶煉和壓延加工業
600006,2014,1.050031,汽車製造業
600007,2014,0.466772,房地產業
600008,2014,0.788912,水的生產和供應業
600009,2014,0.399534,航空運輸業
600010,2014,0.902453,黑色金屬冶煉和壓延加工業
600011,2014,0.858997,電力、熱力生產和供應業
600012,2014,0.651081,道路運輸業
600015,2014,0.660021,貨幣金融服務
600016,2014,0.713741,貨幣金融服務
600017,2014,0.858658,水上運輸業
600018,2014,0.249848,水上運輸業
600019,2014,0.755738,黑色金屬冶煉和壓延加工業
600020,2014,0.875833,道路運輸業
600021,2014,0.756692,電力、熱力生產和供應業
600022,2014,0.868264,黑色金屬冶煉和壓延加工業
600023,2014,0.425061,電力、熱力生產和供應業
600026,2014,0.868584,水上運輸業
600027,2014,1.49057,電力、熱力生產和供應業
600028,2014,0.517012,石油和天然氣開採業
600029,2014,0.906625,航空運輸業
600030,2014,1.688765,資本市場服務
600031,2014,0.587416,專用設備製造業
600033,2014,0.86475,道路運輸業
600035,2014,0.984021,道路運輸業
600036,2014,0.620889,貨幣金融服務
600037,2014,0.878101,電信、廣播電視和衛星傳輸服務
600038,2014,0.374443,鐵路、船舶、航空航天和其他運輸設備製造業
600039,2014,0.824811,土木工程建築業
600048,2014,1.04661,房地產業
600050,2014,0.568116,電信、廣播電視和衛星傳輸服務
600051,2014,0.293469,批發業
600052,2014,0.882483,房地產業
600053,2014,0.37654,房地產業
600054,2014,0.515066,公共設施管理業
600055,2014,0.850026,專用設備製造業
600056,2014,0.526238,醫藥製造業
600057,2014,0.497797,商務服務業
600058,2014,0.300647,批發業
600059,2014,-0.003631,酒、飲料和精製茶製造業
600060,2014,0.027059,計算機、通信和其他電子設備製造業
600061,2014,2.74026,紡織業
600062,2014,-0.075687,醫藥製造業
600063,2014,1.275281,化學纖維製造業
600064,2014,0.67219,房地產業
600066,2014,0.313224,汽車製造業
600067,2014,0.251932,房地產業
600068,2014,1.422282,土木工程建築業
600069,2014,0.154035,造紙和紙製品業
600070,2014,0.50605,紡織業
600071,2014,1.141653,儀器儀表製造業
600072,2014,-0.094031,鐵路、船舶、航空航天和其他運輸設備製造業
600073,2014,0.076534,食品製造業
600074,2014,0.908128,橡膠和塑料製品業
600075,2014,0.014019,化學原料和化學製品製造業
600076,2014,0.135776,計算機、通信和其他電子設備製造業
600077,2014,0.312695,房地產業
600078,2014,0.178931,化學原料和化學製品製造業
600079,2014,-0.091744,醫藥製造業
600080,2014,0.145709,醫藥製造業
600081,2014,0.606728,汽車製造業
600082,2014,0.410678,綜合
600083,2014,0.511396,計算機、通信和其他電子設備製造業
600084,2014,0.505076,酒、飲料和精製茶製造業
600085,2014,0.059089,醫藥製造業
600086,2014,0.47069,其他製造業
600087,2014,-0.490798,水上運輸業
600088,2014,0.144849,廣播、電視、電影和影視錄音製作業
600089,2014,0.24567,電氣機械和器材製造業
600090,2014,0.173161,酒、飲料和精製茶製造業
600091,2014,0.493616,化學原料和化學製品製造業
600093,2014,0.475382,汽車製造業
600094,2014,0.582178,房地產業
600095,2014,0.314098,農副食品加工業
600096,2014,0.373272,化學原料和化學製品製造業
600097,2014,0.14394,漁業
600098,2014,0.67967,電力、熱力生產和供應業
600099,2014,0.559728,鐵路、船舶、航空航天和其他運輸設備製造業
600100,2014,0.161861,計算機、通信和其他電子設備製造業
600101,2014,0.090518,電力、熱力生產和供應業
600103,2014,0.584416,造紙和紙製品業
600104,2014,0.631139,汽車製造業
600105,2014,0.43194,電氣機械和器材製造業
600106,2014,0.601864,道路運輸業
600107,2014,0.308177,紡織服裝、服飾業
600108,2014,0.167234,農業
600109,2014,1.342675,資本市場服務
600110,2014,0.036125,電氣機械和器材製造業
600111,2014,0.174076,有色金屬冶煉和壓延加工業
600112,2014,-0.124482,電氣機械和器材製造業
600113,2014,0.457312,批發業
600114,2014,0.356208,金屬製品業
600115,2014,0.870034,航空運輸業
600116,2014,0.418973,電力、熱力生產和供應業
600117,2014,0.394521,黑色金屬冶煉和壓延加工業
600118,2014,0.54428,計算機、通信和其他電子設備製造業
600119,2014,-0.189785,道路運輸業
600120,2014,0.543465,批發業
600121,2014,0.130953,煤炭開採和洗選業
600122,2014,0.793871,零售業
600123,2014,-0.002128,煤炭開採和洗選業
600125,2014,0.557118,鐵路運輸業
600126,2014,0.579678,黑色金屬冶煉和壓延加工業
600127,2014,0.280514,農副食品加工業
600128,2014,0.462506,批發業
600129,2014,0.972125,醫藥製造業
600130,2014,0.367404,計算機、通信和其他電子設備製造業
600131,2014,0.626535,電力、熱力生產和供應業
600132,2014,0.01185,酒、飲料和精製茶製造業
600133,2014,0.480496,土木工程建築業
600135,2014,0.36312,化學原料和化學製品製造業
600136,2014,0.344402,批發業
600137,2014,0.590244,紡織服裝、服飾業
600138,2014,0.409659,商務服務業
600139,2014,0.649051,有色金屬礦採選業
600141,2014,0.23369,化學原料和化學製品製造業
600143,2014,0.268095,橡膠和塑料製品業
600145,2014,0.192709,非金屬礦物製品業
600146,2014,0.748148,化學原料和化學製品製造業
600148,2014,1.017894,汽車製造業
600149,2014,1.641711,綜合
600150,2014,0.524417,鐵路、船舶、航空航天和其他運輸設備製造業
600151,2014,0.101725,計算機、通信和其他電子設備製造業
600152,2014,0.507798,紡織業
600153,2014,0.566004,批發業
600155,2014,2.247956,化學原料和化學製品製造業
600156,2014,0.677927,紡織業
600157,2014,0.650693,煤炭開採和洗選業
600158,2014,1.327579,房地產業
600159,2014,0.631579,房地產業
600160,2014,0.264428,化學原料和化學製品製造業
600161,2014,0.214017,醫藥製造業
600162,2014,0.184032,房地產業
600163,2014,0.423497,造紙和紙製品業
600165,2014,0.3547,金屬製品業
600166,2014,0.250627,汽車製造業
600167,2014,0.313406,電力、熱力生產和供應業
600168,2014,0.694648,水的生產和供應業
600169,2014,1.886061,專用設備製造業
600170,2014,0.815839,土木工程建築業
600171,2014,0.17338,計算機、通信和其他電子設備製造業
600172,2014,0.181727,非金屬礦物製品業
600173,2014,1.520496,房地產業
600175,2014,0.140754,批發業
600176,2014,1.077232,非金屬礦物製品業
600177,2014,0.648514,紡織服裝、服飾業
600178,2014,0.173411,汽車製造業
600179,2014,0.627906,石油加工、煉焦和核燃料加工業
600180,2014,0.307225,批發業
600182,2014,0.319029,橡膠和塑料製品業
600183,2014,0.73351,計算機、通信和其他電子設備製造業
600184,2014,0.674767,專用設備製造業
600185,2014,1.680586,房地產業
600186,2014,0.701551,食品製造業
600187,2014,0.552631,水的生產和供應業
600188,2014,0.488765,煤炭開採和洗選業
600189,2014,0.145619,木材加工和木、竹、籐、棕、草製品業
600190,2014,0.369881,水上運輸業
600191,2014,0.562181,農副食品加工業
600192,2014,0.39399,電氣機械和器材製造業
600193,2014,0.015151,黑色金屬礦採選業
600195,2014,0.020668,醫藥製造業
600196,2014,0.092893,醫藥製造業
600197,2014,0.152042,酒、飲料和精製茶製造業
600198,2014,0.232681,計算機、通信和其他電子設備製造業
600199,2014,0.163396,酒、飲料和精製茶製造業
600200,2014,0.05509,綜合
600201,2014,0.373274,醫藥製造業
600202,2014,0.482558,電氣機械和器材製造業
600203,2014,0.131449,批發業
600206,2014,0.186563,有色金屬冶煉和壓延加工業
600207,2014,0.097959,燃氣生產和供應業
600208,2014,1.334461,房地產業
600209,2014,-0.035639,建築裝飾和其他建築業
600210,2014,0.589898,橡膠和塑料製品業
600211,2014,1.116519,批發業
600212,2014,1.636656,綜合
600213,2014,1.556123,汽車製造業
600215,2014,0.395896,房地產業
600216,2014,0.05605,醫藥製造業
600217,2014,0.805785,非金屬礦物製品業
600218,2014,0.219163,通用設備製造業
600219,2014,0.75637,有色金屬冶煉和壓延加工業
600220,2014,0.61157,紡織業
600221,2014,0.710001,航空運輸業
600222,2014,0.124908,零售業
600223,2014,0.710594,房地產業
600225,2014,-0.013495,房地產業
600226,2014,0.345278,化學原料和化學製品製造業
600227,2014,1.235473,化學原料和化學製品製造業
600228,2014,-0.073276,化學原料和化學製品製造業
600229,2014,0.427152,化學原料和化學製品製造業
600230,2014,-0.007888,化學原料和化學製品製造業
600231,2014,0.648417,黑色金屬冶煉和壓延加工業
600232,2014,0.298689,紡織業
600233,2014,0.216839,紡織服裝、服飾業
600234,2014,1.35182,計算機、通信和其他電子設備製造業
600235,2014,0.093138,造紙和紙製品業
600236,2014,0.529404,電力、熱力生產和供應業
600237,2014,0.227044,計算機、通信和其他電子設備製造業
600238,2014,0.557402,酒、飲料和精製茶製造業
600239,2014,0.312051,房地產業
600240,2014,0.770936,房地產業
600241,2014,0.313142,批發業
600242,2014,0.286739,水上運輸業
600243,2014,0.162576,通用設備製造業
600246,2014,0.693124,房地產業
600247,2014,0.348668,批發業
600248,2014,0.130876,土木工程建築業
600249,2014,0.33273,化學原料和化學製品製造業
600250,2014,0.862816,批發業
600251,2014,0.229935,農副食品加工業
600252,2014,0.219639,醫藥製造業
600255,2014,0.732394,有色金屬冶煉和壓延加工業
600256,2014,-0.043478,綜合
600257,2014,-0.049465,漁業
600258,2014,0.160297,商務服務業
600259,2014,0.43063,有色金屬礦採選業
600260,2014,0.141743,橡膠和塑料製品業
600261,2014,-0.075786,電氣機械和器材製造業
600262,2014,0.476231,專用設備製造業
600265,2014,0.277202,林業
600266,2014,2.066986,房地產業
600267,2014,0.147641,醫藥製造業
600268,2014,0.475799,電氣機械和器材製造業
600269,2014,0.783696,道路運輸業
600270,2014,0.64784,航空運輸業
600271,2014,0.562896,計算機、通信和其他電子設備製造業
600272,2014,0.450674,零售業
600273,2014,0.307018,紡織業
600275,2014,0.10058,房地產業
600276,2014,0.088388,醫藥製造業
600277,2014,0.184341,化學原料和化學製品製造業
600278,2014,0.19041,批發業
600279,2014,0.610456,水上運輸業
600280,2014,0.135588,零售業
600281,2014,0.35514,石油加工、煉焦和核燃料加工業
600282,2014,0.642487,黑色金屬冶煉和壓延加工業
600283,2014,0.647302,水的生產和供應業
600284,2014,0.123442,土木工程建築業
600285,2014,0.319183,醫藥製造業
600287,2014,0.853813,批發業
600288,2014,0.412871,計算機、通信和其他電子設備製造業
600289,2014,0.11032,軟件和信息技術服務業
600290,2014,0.303775,電氣機械和器材製造業
600291,2014,1.298838,非金屬礦物製品業
600292,2014,-0.131843,生態保護和環境治理業
600293,2014,0.148282,非金屬礦物製品業
600295,2014,0.067227,黑色金屬冶煉和壓延加工業
600297,2014,0.816238,零售業
600298,2014,0.079985,食品製造業
600299,2014,0.906977,化學原料和化學製品製造業
600300,2014,0.080183,酒、飲料和精製茶製造業
600301,2014,0.381693,化學原料和化學製品製造業
600302,2014,0.517483,專用設備製造業
600303,2014,0.4,汽車製造業
600305,2014,0.097912,食品製造業
600306,2014,0.219265,零售業
600307,2014,0.603053,黑色金屬冶煉和壓延加工業
600308,2014,0.636493,造紙和紙製品業
600309,2014,0.098235,化學原料和化學製品製造業
600310,2014,0.630492,電力、熱力生產和供應業
600311,2014,0.243615,有色金屬礦採選業
600312,2014,0.474304,電氣機械和器材製造業
600313,2014,0.394608,批發業
600315,2014,-0.175442,化學原料和化學製品製造業
600316,2014,0.612925,鐵路、船舶、航空航天和其他運輸設備製造業
600317,2014,3.242617,水上運輸業
600318,2014,0.13082,非金屬礦物製品業
600319,2014,0.495979,化學原料和化學製品製造業
600320,2014,1.070621,專用設備製造業
600321,2014,0.877909,木材加工和木、竹、籐、棕、草製品業
600322,2014,0.432617,房地產業
600323,2014,0.378615,水的生產和供應業
600325,2014,0.709721,房地產業
600326,2014,0.444265,土木工程建築業
600327,2014,0.444752,零售業
600328,2014,0.278276,化學原料和化學製品製造業
600329,2014,0.213182,醫藥製造業
600330,2014,0.067894,計算機、通信和其他電子設備製造業
600331,2014,0.513514,有色金屬冶煉和壓延加工業
600332,2014,-0.008582,醫藥製造業
600333,2014,-0.039762,石油加工、煉焦和核燃料加工業
600335,2014,0.397776,批發業
600336,2014,0.067698,電氣機械和器材製造業
600337,2014,0.632362,傢俱製造業
600338,2014,0.383023,有色金屬冶煉和壓延加工業
600339,2014,0.327188,化學原料和化學製品製造業
600340,2014,1.168711,房地產業
600343,2014,1.597899,專用設備製造業
600345,2014,0.126308,計算機、通信和其他電子設備製造業
600346,2014,0.12908,專用設備製造業
600348,2014,0.283003,煤炭開採和洗選業
600350,2014,0.751804,道路運輸業
600351,2014,0.407665,醫藥製造業
600352,2014,0.516089,化學原料和化學製品製造業
600353,2014,0.268621,計算機、通信和其他電子設備製造業
600354,2014,0.196581,農業
600355,2014,0.260788,計算機、通信和其他電子設備製造業
600356,2014,0.435473,造紙和紙製品業
600358,2014,0.755448,商務服務業
600359,2014,0.385806,農業
600360,2014,0.262263,計算機、通信和其他電子設備製造業
600361,2014,0.494994,零售業
600362,2014,0.348268,有色金屬冶煉和壓延加工業
600363,2014,0.248254,計算機、通信和其他電子設備製造業
600365,2014,0.377724,酒、飲料和精製茶製造業
600366,2014,0.186477,計算機、通信和其他電子設備製造業
600367,2014,0.312732,化學原料和化學製品製造業
600368,2014,0.197482,道路運輸業
600369,2014,1.275322,資本市場服務
600370,2014,0.478001,紡織業
600371,2014,0.277596,農業
600372,2014,0.163181,鐵路、船舶、航空航天和其他運輸設備製造業
600373,2014,0.352552,新聞和出版業
600375,2014,0.202399,汽車製造業
600376,2014,1.08652,房地產業
600377,2014,0.398303,道路運輸業
600378,2014,0.389462,化學原料和化學製品製造業
600379,2014,0.631603,電氣機械和器材製造業
600380,2014,0.503539,醫藥製造業
600381,2014,0.301554,非金屬礦物製品業
600382,2014,1.061722,批發業
600383,2014,0.739281,房地產業
600385,2014,0.405882,醫藥製造業
600386,2014,0.320487,零售業
600387,2014,-0.363117,批發業
600388,2014,0.057907,專用設備製造業
600389,2014,-0.309425,化學原料和化學製品製造業
600390,2014,0.421245,黑色金屬冶煉和壓延加工業
600391,2014,1.375838,鐵路、船舶、航空航天和其他運輸設備製造業
600392,2014,0.411496,有色金屬冶煉和壓延加工業
600393,2014,0.309688,房地產業
600395,2014,0.715943,煤炭開採和洗選業
600396,2014,0.853045,電力、熱力生產和供應業
600397,2014,0.45262,煤炭開採和洗選業
600398,2014,0.458859,紡織服裝、服飾業
600399,2014,3.875949,黑色金屬冶煉和壓延加工業
600400,2014,0.139673,紡織服裝、服飾業
600401,2014,0.022397,計算機、通信和其他電子設備製造業
600403,2014,-0.128985,煤炭開採和洗選業
600405,2014,0.557289,計算機、通信和其他電子設備製造業
600406,2014,-0.013822,軟件和信息技術服務業
600408,2014,0.374075,黑色金屬冶煉和壓延加工業
600409,2014,0.351284,化學原料和化學製品製造業
600410,2014,2.031737,軟件和信息技術服務業
600415,2014,1.205513,商務服務業
600416,2014,0.757972,通用設備製造業
600418,2014,0.410866,汽車製造業
600419,2014,0.218364,食品製造業
600420,2014,0.28361,醫藥製造業
600421,2014,0.082426,醫藥製造業
600422,2014,0.06922,醫藥製造業
600423,2014,0.437198,化學原料和化學製品製造業
600425,2014,0.813,非金屬礦物製品業
600426,2014,0.634769,化學原料和化學製品製造業
600428,2014,1.279202,水上運輸業
600429,2014,0.082108,食品製造業
600432,2014,0.847491,有色金屬冶煉和壓延加工業
600433,2014,0.112863,造紙和紙製品業
600435,2014,0.864508,計算機、通信和其他電子設備製造業
600436,2014,-0.056712,醫藥製造業
600438,2014,0.073589,農副食品加工業
600439,2014,-0.029275,皮革、毛皮、羽毛及其製品和制鞋業
600444,2014,0.170196,橡膠和塑料製品業
600446,2014,2.044276,軟件和信息技術服務業
600448,2014,0.639024,紡織業
600449,2014,0.63395,非金屬礦物製品業
600452,2014,1.008816,電力、熱力生產和供應業
600455,2014,0.342235,綜合
600456,2014,0.362681,有色金屬冶煉和壓延加工業
600458,2014,0.227744,橡膠和塑料製品業
600459,2014,0.181506,有色金屬冶煉和壓延加工業
600460,2014,0.237166,計算機、通信和其他電子設備製造業
600461,2014,0.405859,水的生產和供應業
600462,2014,0.247012,造紙和紙製品業
600463,2014,0.248552,土木工程建築業
600466,2014,0.78678,醫藥製造業
600467,2014,0.15085,漁業
600468,2014,0.389232,電氣機械和器材製造業
600469,2014,0.527169,橡膠和塑料製品業
600470,2014,0.037676,化學原料和化學製品製造業
600475,2014,0.206268,通用設備製造業
600476,2014,1.109634,軟件和信息技術服務業
600477,2014,0.639056,建築裝飾和其他建築業
600478,2014,0.116615,電氣機械和器材製造業
600479,2014,0.133552,醫藥製造業
600480,2014,0.889073,汽車製造業
600481,2014,-0.057977,化學原料和化學製品製造業
600482,2014,0.249779,電氣機械和器材製造業
600483,2014,0.454369,紡織業
600485,2014,1.113603,計算機、通信和其他電子設備製造業
600486,2014,0.298923,化學原料和化學製品製造業
600487,2014,0.356275,電氣機械和器材製造業
600488,2014,0.403997,醫藥製造業
600489,2014,0.249305,有色金屬礦採選業
600490,2014,0.559778,化學原料和化學製品製造業
600491,2014,0.933712,土木工程建築業
600493,2014,0.386962,紡織業
600495,2014,1.925128,鐵路、船舶、航空航天和其他運輸設備製造業
600496,2014,0.365968,建築裝飾和其他建築業
600497,2014,0.258241,有色金屬礦採選業
600498,2014,0.015998,計算機、通信和其他電子設備製造業
600499,2014,-0.073403,專用設備製造業
600500,2014,0.397704,化學原料和化學製品製造業
600501,2014,0.504631,汽車製造業
600502,2014,0.406799,土木工程建築業
600503,2014,0.364678,房地產業
600505,2014,0.132518,電力、熱力生產和供應業
600506,2014,0.196826,農業
600507,2014,0.50035,黑色金屬冶煉和壓延加工業
600508,2014,0.136226,煤炭開採和洗選業
600509,2014,0.163462,電力、熱力生產和供應業
600510,2014,0.29929,房地產業
600511,2014,0.662886,批發業
600512,2014,0.415591,土木工程建築業
600513,2014,0.424672,醫藥製造業
600515,2014,0.057441,零售業
600516,2014,0.292802,非金屬礦物製品業
600517,2014,0.304473,電氣機械和器材製造業
600518,2014,-0.110331,醫藥製造業
600519,2014,0.670146,酒、飲料和精製茶製造業
600520,2014,0.698379,電氣機械和器材製造業
600521,2014,0.093778,醫藥製造業
600522,2014,0.420931,電氣機械和器材製造業
600523,2014,0.311848,汽車製造業
600525,2014,0.312803,計算機、通信和其他電子設備製造業
600526,2014,0.474866,專用設備製造業
600527,2014,-0.324415,化學纖維製造業
600528,2014,2.005211,土木工程建築業
600529,2014,0.262762,非金屬礦物製品業
600530,2014,0.547802,醫藥製造業
600531,2014,0.445043,有色金屬冶煉和壓延加工業
600532,2014,0.236946,黑色金屬礦採選業
600533,2014,0.541473,房地產業
600535,2014,-0.033044,醫藥製造業
600536,2014,0.751195,軟件和信息技術服務業
600537,2014,0.266054,電氣機械和器材製造業
600538,2014,0.451546,化學原料和化學製品製造業
600539,2014,0.247847,非金屬礦物製品業
600540,2014,0.355818,農業
600543,2014,-0.013201,酒、飲料和精製茶製造業
600545,2014,0.806384,土木工程建築業
600546,2014,0.161103,批發業
600547,2014,0.158129,有色金屬礦採選業
600548,2014,1.567775,道路運輸業
600549,2014,0.385251,有色金屬冶煉和壓延加工業
600550,2014,0.286538,電氣機械和器材製造業
600551,2014,0.007012,新聞和出版業
600552,2014,0.518525,非金屬礦物製品業
600555,2014,1.306397,房地產業
600556,2014,2.910615,醫藥製造業
600557,2014,-0.086408,醫藥製造業
600558,2014,1.671391,金屬製品業
600559,2014,0.911343,酒、飲料和精製茶製造業
600560,2014,0.315482,專用設備製造業
600561,2014,0.189327,道路運輸業
600562,2014,1.224458,計算機、通信和其他電子設備製造業
600563,2014,0.300975,計算機、通信和其他電子設備製造業
600565,2014,0.521649,房地產業
600566,2014,-0.012036,醫藥製造業
600567,2014,0.383365,造紙和紙製品業
600568,2014,0.627059,醫藥製造業
600569,2014,0.924857,黑色金屬冶煉和壓延加工業
600570,2014,1.640385,軟件和信息技術服務業
600571,2014,0.708981,軟件和信息技術服務業
600572,2014,0.129769,醫藥製造業
600573,2014,0.54049,酒、飲料和精製茶製造業
600575,2014,0.268519,水上運輸業
600576,2014,1.260027,批發業
600577,2014,0.849104,電氣機械和器材製造業
600578,2014,0.839411,電力、熱力生產和供應業
600579,2014,0.854914,專用設備製造業
600580,2014,0.704884,電氣機械和器材製造業
600581,2014,0.349617,黑色金屬冶煉和壓延加工業
600582,2014,0.754019,專用設備製造業
600583,2014,0.375857,石油和天然氣開採業
600584,2014,0.742131,計算機、通信和其他電子設備製造業
600585,2014,0.330437,非金屬礦物製品業
600586,2014,0.287975,非金屬礦物製品業
600587,2014,-0.102077,專用設備製造業
600588,2014,1.071652,軟件和信息技術服務業
600589,2014,0.143359,化學原料和化學製品製造業
600590,2014,0.337083,電氣機械和器材製造業
600592,2014,0.40181,通用設備製造業
600593,2014,0.321157,公共設施管理業
600594,2014,0.026063,醫藥製造業
600595,2014,0.595629,有色金屬冶煉和壓延加工業
600596,2014,0.004927,化學原料和化學製品製造業
600597,2014,-0.204731,食品製造業
600598,2014,-0.123784,農業
600599,2014,1.359631,化學原料和化學製品製造業
600600,2014,-0.137299,酒、飲料和精製茶製造業
600601,2014,0.687413,計算機、通信和其他電子設備製造業
600602,2014,0.233628,計算機、通信和其他電子設備製造業
600603,2014,0.627376,綜合
600604,2014,0.174576,房地產業
600605,2014,0.436447,批發業
600606,2014,1.485961,房地產業
600608,2014,0.14827,黑色金屬冶煉和壓延加工業
600609,2014,0.399317,汽車製造業
600610,2014,-0.552362,專用設備製造業
600611,2014,0.961885,道路運輸業
600612,2014,0.431321,其他製造業
600613,2014,0.234949,醫藥製造業
600614,2014,0.277612,醫藥製造業
600615,2014,0.19898,房地產業
600616,2014,0.103765,酒、飲料和精製茶製造業
600617,2014,0.189228,燃氣生產和供應業
600618,2014,0.488349,化學原料和化學製品製造業
600619,2014,0.322278,通用設備製造業
600620,2014,0.059857,綜合
600621,2014,0.403883,房地產業
600622,2014,0.383653,房地產業
600623,2014,0.52739,橡膠和塑料製品業
600624,2014,0.383368,綜合
600626,2014,-0.097963,批發業
600628,2014,0.255016,零售業
600629,2014,0.829947,電氣機械和器材製造業
600630,2014,0.142857,紡織業
600633,2014,0.213956,新聞和出版業
600634,2014,0.678937,非金屬礦物製品業
600635,2014,0.579752,燃氣生產和供應業
600636,2014,0.197136,化學原料和化學製品製造業
600637,2014,0.02704,電信、廣播電視和衛星傳輸服務
600638,2014,0.351098,房地產業
600639,2014,1.048405,房地產業
600640,2014,-0.132608,商務服務業
600641,2014,0.478831,房地產業
600642,2014,0.488534,燃氣生產和供應業
600643,2014,0.216158,其他金融業
600644,2014,0.169765,電力、熱力生產和供應業
600645,2014,0.690735,研究和試驗發展
600647,2014,0.47538,房地產業
600648,2014,0.01007,批發業
600649,2014,-0.111806,房地產業
600650,2014,0.665024,道路運輸業
600651,2014,0.437382,電氣機械和器材製造業
600652,2014,0.558512,煤炭開採和洗選業
600653,2014,0.461847,零售業
600654,2014,0.436396,汽車製造業
600655,2014,0.566834,零售業
600656,2014,0.265993,零售業
600657,2014,1.587559,房地產業
600658,2014,0.02602,房地產業
600660,2014,0.555711,非金屬礦物製品業
600661,2014,0.731727,教育
600662,2014,0.884705,道路運輸業
600663,2014,1.237764,房地產業
600664,2014,0.430298,醫藥製造業
600665,2014,0.884874,房地產業
600666,2014,0.740778,醫藥製造業
600667,2014,0.535548,計算機、通信和其他電子設備製造業
600668,2014,0.414359,醫藥製造業
600671,2014,0.32471,醫藥製造業
600673,2014,0.561812,金屬製品業
600674,2014,0.868281,電力、熱力生產和供應業
600675,2014,0.211786,房地產業
600676,2014,0.353985,道路運輸業
600677,2014,0.565141,批發業
600678,2014,0.74216,非金屬礦物製品業
600679,2014,-0.091193,鐵路、船舶、航空航天和其他運輸設備製造業
600680,2014,0.593036,計算機、通信和其他電子設備製造業
600681,2014,0.647196,建築裝飾和其他建築業
600682,2014,0.402016,零售業
600683,2014,0.740049,房地產業
600684,2014,0.529866,房地產業
600685,2014,1.107563,鐵路、船舶、航空航天和其他運輸設備製造業
600686,2014,0.395648,汽車製造業
600687,2014,1.27523,批發業
600688,2014,0.441784,石油加工、煉焦和核燃料加工業
600689,2014,-0.074745,紡織業
600690,2014,-0.018462,電氣機械和器材製造業
600691,2014,-0.119355,化學原料和化學製品製造業
600692,2014,0.244284,水上運輸業
600693,2014,0.372129,零售業
600694,2014,0.738012,零售業
600695,2014,0.250001,農副食品加工業
600696,2014,0.346535,房地產業
600697,2014,0.400416,零售業
600698,2014,0.58177,汽車製造業
600699,2014,0.266061,汽車製造業
600701,2014,0.397409,綜合
600702,2014,0.240872,酒、飲料和精製茶製造業
600703,2014,-0.13219,計算機、通信和其他電子設備製造業
600704,2014,-0.07406,零售業
600705,2014,1.130132,其他金融業
600706,2014,0.341815,公共設施管理業
600707,2014,0.008495,計算機、通信和其他電子設備製造業
600708,2014,0.17424,道路運輸業
600710,2014,0.924591,專用設備製造業
600711,2014,1.134035,有色金屬礦採選業
600712,2014,0.345976,零售業
600713,2014,0.361742,零售業
600714,2014,0.425667,煤炭開採和洗選業
600715,2014,2.301344,汽車製造業
600716,2014,0.328671,房地產業
600717,2014,1.052574,水上運輸業
600718,2014,0.29973,軟件和信息技術服務業
600719,2014,0.13769,電力、熱力生產和供應業
600720,2014,0.673921,非金屬礦物製品業
600721,2014,0.1438,石油加工、煉焦和核燃料加工業
600722,2014,-0.037578,化學原料和化學製品製造業
600723,2014,0.262591,零售業
600724,2014,0.470173,房地產業
600725,2014,0.338666,石油加工、煉焦和核燃料加工業
600726,2014,0.848981,電力、熱力生產和供應業
600727,2014,0.221983,化學原料和化學製品製造業
600728,2014,-0.187261,軟件和信息技術服務業
600729,2014,0.186205,零售業
600730,2014,0.144769,批發業
600731,2014,0.148501,化學原料和化學製品製造業
600732,2014,0.35687,房地產業
600733,2014,1.091417,房地產業
600734,2014,0.036961,批發業
600735,2014,1.101064,皮革、毛皮、羽毛及其製品和制鞋業
600736,2014,0.454695,房地產業
600737,2014,0.680272,農副食品加工業
600738,2014,0.195939,零售業
600739,2014,0.2252,批發業
600740,2014,0.12,石油加工、煉焦和核燃料加工業
600741,2014,0.588964,汽車製造業
600742,2014,0.595029,汽車製造業
600743,2014,0.886734,房地產業
600744,2014,0.388554,電力、熱力生產和供應業
600745,2014,-0.164409,房地產業
600746,2014,0.225932,化學原料和化學製品製造業
600747,2014,0.738786,房地產業
600748,2014,0.693747,房地產業
600749,2014,0.57772,公共設施管理業
600750,2014,0.30175,醫藥製造業
600751,2014,0.922581,水上運輸業
600753,2014,0.236769,批發業
600754,2014,0.604664,住宿業
600755,2014,1.237584,批發業
600756,2014,0.552829,軟件和信息技術服務業
600757,2014,0.124174,新聞和出版業
600758,2014,0.239097,電力、熱力生產和供應業
600759,2014,0.243563,房地產業
600760,2014,1.1332,汽車製造業
600761,2014,0.592654,專用設備製造業
600763,2014,0.498438,衛生
600764,2014,0.180333,軟件和信息技術服務業
600765,2014,0.526965,通用設備製造業
600766,2014,0.185832,有色金屬礦採選業
600767,2014,1.101504,房地產業
600768,2014,0.625,有色金屬冶煉和壓延加工業
600769,2014,0.528713,化學原料和化學製品製造業
600770,2014,0.029727,軟件和信息技術服務業
600771,2014,-0.091296,醫藥製造業
600773,2014,0.272234,房地產業
600774,2014,0.783654,零售業
600775,2014,0.171712,計算機、通信和其他電子設備製造業
600776,2014,0.325796,計算機、通信和其他電子設備製造業
600777,2014,0.806061,綜合
600778,2014,0.022737,零售業
600779,2014,-0.041217,酒、飲料和精製茶製造業
600780,2014,0.34816,電力、熱力生產和供應業
600781,2014,0.170946,醫藥製造業
600782,2014,1.029032,黑色金屬冶煉和壓延加工業
600783,2014,0.373555,綜合
600784,2014,0.699554,綜合
600785,2014,0.305698,零售業
600787,2014,0.881008,倉儲業
600789,2014,0.619631,醫藥製造業
600790,2014,0.33912,商務服務業
600791,2014,0.186024,房地產業
600792,2014,0.809851,石油加工、煉焦和核燃料加工業
600793,2014,0.146414,造紙和紙製品業
600794,2014,0.897391,倉儲業
600795,2014,1.087703,電力、熱力生產和供應業
600796,2014,0.311972,化學原料和化學製品製造業
600797,2014,0.306545,軟件和信息技術服務業
600798,2014,0.475957,水上運輸業
600800,2014,0.131627,計算機、通信和其他電子設備製造業
600801,2014,0.420533,非金屬礦物製品業
600802,2014,0.568192,非金屬礦物製品業
600803,2014,-0.017728,化學原料和化學製品製造業
600804,2014,0.287648,互聯網和相關服務
600805,2014,0.046894,綜合
600806,2014,0.62306,通用設備製造業
600807,2014,0.306438,房地產業
600808,2014,1.386907,黑色金屬冶煉和壓延加工業
600809,2014,0.216987,酒、飲料和精製茶製造業
600810,2014,0.139021,化學纖維製造業
600811,2014,0.519449,批發業
600812,2014,0.235529,醫藥製造業
600814,2014,0.266221,零售業
600815,2014,1.241814,專用設備製造業
600816,2014,1.089152,其他金融業
600817,2014,0.468919,綜合
600818,2014,0.896668,鐵路、船舶、航空航天和其他運輸設備製造業
600819,2014,0.40191,非金屬礦物製品業
600820,2014,0.874439,土木工程建築業
600821,2014,0.242857,零售業
600822,2014,-0.131183,批發業
600823,2014,0.666457,房地產業
600824,2014,0.241453,零售業
600825,2014,0.204346,新聞和出版業
600826,2014,0.279381,批發業
600827,2014,0.852078,零售業
600828,2014,0.334626,零售業
600829,2014,0.818514,醫藥製造業
600830,2014,0.074848,零售業
600831,2014,0.225413,電信、廣播電視和衛星傳輸服務
600832,2014,0.424247,公共設施管理業
600833,2014,0.518633,零售業
600834,2014,0.494615,道路運輸業
600835,2014,0.082252,通用設備製造業
600836,2014,0.873026,印刷和記錄媒介複製業
600837,2014,1.153316,資本市場服務
600838,2014,0.15774,零售業
600839,2014,0.542721,計算機、通信和其他電子設備製造業
600841,2014,-0.025467,通用設備製造業
600843,2014,0.298828,專用設備製造業
600844,2014,0.02288,化學原料和化學製品製造業
600845,2014,0.351404,軟件和信息技術服務業
600846,2014,0.536361,土木工程建築業
600847,2014,-0.109102,電氣機械和器材製造業
600848,2014,0.595409,儀器儀表製造業
600850,2014,0.720195,軟件和信息技術服務業
600851,2014,0.234375,紡織業
600853,2014,0.871649,土木工程建築業
600854,2014,0.322695,電氣機械和器材製造業
600855,2014,0.760624,專用設備製造業
600856,2014,0.540124,零售業
600857,2014,0.697673,零售業
600858,2014,0.342508,零售業
600859,2014,0.261621,零售業
600860,2014,-0.153471,專用設備製造業
600861,2014,0.27346,零售業
600862,2014,1.936709,房地產業
600863,2014,1.165694,電力、熱力生產和供應業
600864,2014,0.54009,電力、熱力生產和供應業
600865,2014,0.192602,零售業
600866,2014,0.534521,食品製造業
600867,2014,0.138494,醫藥製造業
600868,2014,0.56261,電力、熱力生產和供應業
600869,2014,0.249161,電氣機械和器材製造業
600870,2014,0.51626,計算機、通信和其他電子設備製造業
600871,2014,1.067137,化學纖維製造業
600872,2014,-0.079975,食品製造業
600873,2014,0.17057,食品製造業
600874,2014,0.365899,水的生產和供應業
600875,2014,0.667201,通用設備製造業
600876,2014,0.514644,非金屬礦物製品業
600877,2014,1.243975,鐵路、船舶、航空航天和其他運輸設備製造業
600879,2014,0.666667,專用設備製造業
600880,2014,0.024498,新聞和出版業
600881,2014,0.950555,非金屬礦物製品業
600882,2014,0.023755,黑色金屬礦採選業
600883,2014,0.674479,非金屬礦物製品業
600884,2014,0.351272,電氣機械和器材製造業
600885,2014,0.006466,電氣機械和器材製造業
600886,2014,1.994824,電力、熱力生產和供應業
600887,2014,0.125661,食品製造業
600888,2014,0.360271,計算機、通信和其他電子設備製造業
600889,2014,0.552105,化學纖維製造業
600890,2014,0.101266,房地產業
600891,2014,0.124438,零售業
600892,2014,0.8,批發業
600893,2014,0.519666,鐵路、船舶、航空航天和其他運輸設備製造業
600894,2014,0.069052,通用設備製造業
600895,2014,0.794259,綜合
600896,2014,0.755248,水上運輸業
600897,2014,0.659419,航空運輸業
600898,2014,0.61,零售業
600900,2014,0.765769,電力、熱力生產和供應業
600960,2014,0.400608,汽車製造業
600961,2014,0.724821,有色金屬冶煉和壓延加工業
600962,2014,1.158833,酒、飲料和精製茶製造業
600963,2014,0.63492,造紙和紙製品業
600965,2014,0.761272,畜牧業
600966,2014,0.2,造紙和紙製品業
600967,2014,0.548409,鐵路、船舶、航空航天和其他運輸設備製造業
600969,2014,0.418565,電力、熱力生產和供應業
600970,2014,0.621264,專用設備製造業
600971,2014,0.246385,煤炭開採和洗選業
600973,2014,0.472081,電氣機械和器材製造業
600975,2014,0.931148,畜牧業
600976,2014,0.165216,零售業
600978,2014,0.174098,傢俱製造業
600979,2014,0.290006,電力、熱力生產和供應業
600980,2014,0.296625,計算機、通信和其他電子設備製造業
600981,2014,0.112861,批發業
600982,2014,0.670618,電力、熱力生產和供應業
600983,2014,-0.176421,電氣機械和器材製造業
600984,2014,0.44203,專用設備製造業
600985,2014,0.334269,化學原料和化學製品製造業
600986,2014,0.519396,土木工程建築業
600987,2014,0.568705,紡織業
600988,2014,0.524563,有色金屬礦採選業
600990,2014,1.057832,計算機、通信和其他電子設備製造業
600992,2014,0.537147,金屬製品業
600993,2014,0.183334,批發業
600995,2014,0.540868,電力、熱力生產和供應業
600997,2014,0.309808,石油加工、煉焦和核燃料加工業
600998,2014,0.214874,批發業
600999,2014,1.256394,資本市場服務
601000,2014,2.045808,水上運輸業
601001,2014,0.5,煤炭開採和洗選業
601002,2014,1.290445,通用設備製造業
601003,2014,0.924245,黑色金屬冶煉和壓延加工業
601005,2014,0.342741,黑色金屬冶煉和壓延加工業
601006,2014,0.540477,鐵路運輸業
601007,2014,0.254834,住宿業
601008,2014,1.032788,水上運輸業
601009,2014,0.916319,貨幣金融服務
601010,2014,0.54981,零售業
601011,2014,-0.00998,石油加工、煉焦和核燃料加工業
601012,2014,0.35685,非金屬礦物製品業
601018,2014,0.955412,水上運輸業
601028,2014,0.561887,金屬製品業
601038,2014,0.395941,專用設備製造業
601058,2014,0.155943,橡膠和塑料製品業
601088,2014,0.366883,煤炭開採和洗選業
601098,2014,0.531183,新聞和出版業
601099,2014,2.593421,資本市場服務
601100,2014,0.11912,專用設備製造業
601101,2014,0.222393,煤炭開採和洗選業
601106,2014,1.670948,專用設備製造業
601107,2014,0.951886,道路運輸業
601111,2014,1.011805,航空運輸業
601113,2014,0.44954,化學纖維製造業
601116,2014,0.036729,零售業
601117,2014,0.203496,土木工程建築業
601118,2014,0.177443,農業
601126,2014,-0.083895,電氣機械和器材製造業
601137,2014,0.272303,有色金屬冶煉和壓延加工業
601139,2014,0.06565,燃氣生產和供應業
601158,2014,0.592469,水的生產和供應業
601166,2014,0.705927,貨幣金融服務
601168,2014,0.729372,有色金屬礦採選業
601169,2014,0.785052,貨幣金融服務
601177,2014,0.387883,通用設備製造業
601179,2014,1.431402,電氣機械和器材製造業
601186,2014,2.336836,土木工程建築業
601188,2014,0.962059,道路運輸業
601199,2014,0.349009,水的生產和供應業
601208,2014,0.24855,化學原料和化學製品製造業
601216,2014,0.44056,化學原料和化學製品製造業
601218,2014,0.757732,專用設備製造業
601222,2014,0.100419,儀器儀表製造業
601225,2014,0,煤炭開採和洗選業
601231,2014,0.43491,計算機、通信和其他電子設備製造業
601233,2014,0.770322,化學纖維製造業
601238,2014,0.07727,汽車製造業
601258,2014,0.187625,零售業
601268,2014,-0.074803,專用設備製造業
601288,2014,0.608161,貨幣金融服務
601299,2014,0.506106,鐵路、船舶、航空航天和其他運輸設備製造業
601311,2014,0.219999,電氣機械和器材製造業
601313,2014,0.193138,通用設備製造業
