"Open","High","Low","Close","Volume","Adjusted","date"
1426.189941,1462.430054,1426.189941,1462.420044,4202600000,1462.420044,"2013-01-02"
1462.420044,1465.469971,1455.530029,1459.369995,3829730000,1459.369995,"2013-01-03"
1459.369995,1467.939941,1458.98999,1466.469971,3424290000,1466.469971,"2013-01-04"
1466.469971,1466.469971,1456.619995,1461.890015,3304970000,1461.890015,"2013-01-07"
1461.890015,1461.890015,1451.640015,1457.150024,3601600000,1457.150024,"2013-01-08"
1457.150024,1464.72998,1457.150024,1461.02002,3674390000,1461.02002,"2013-01-09"
1461.02002,1472.300049,1461.02002,1472.119995,4081840000,1472.119995,"2013-01-10"
1472.119995,1472.75,1467.579956,1472.050049,3340650000,1472.050049,"2013-01-11"
1472.050049,1472.050049,1465.689941,1470.680054,3003010000,1470.680054,"2013-01-14"
1470.670044,1473.310059,1463.76001,1472.339966,3135350000,1472.339966,"2013-01-15"
1472.329956,1473.959961,1467.599976,1472.630005,3384080000,1472.630005,"2013-01-16"
1472.630005,1485.160034,1472.630005,1480.939941,3706710000,1480.939941,"2013-01-17"
1480.949951,1485.97998,1475.810059,1485.97998,3795740000,1485.97998,"2013-01-18"
1485.97998,1492.560059,1481.160034,1492.560059,3570950000,1492.560059,"2013-01-22"
1492.560059,1496.130005,1489.900024,1494.810059,3552010000,1494.810059,"2013-01-23"
1494.810059,1502.27002,1489.459961,1494.819946,3699430000,1494.819946,"2013-01-24"
1494.819946,1503.26001,1494.819946,1502.959961,3476290000,1502.959961,"2013-01-25"
1502.959961,1503.22998,1496.329956,1500.180054,3388540000,1500.180054,"2013-01-28"
1500.180054,1509.349976,1498.089966,1507.839966,3949640000,1507.839966,"2013-01-29"
1507.839966,1509.939941,1500.109985,1501.959961,3726810000,1501.959961,"2013-01-30"
1501.959961,1504.189941,1496.76001,1498.109985,3999880000,1498.109985,"2013-01-31"
1498.109985,1514.410034,1498.109985,1513.170044,3836320000,1513.170044,"2013-02-01"
1513.170044,1513.170044,1495.02002,1495.709961,3.39e+09,1495.709961,"2013-02-04"
1495.709961,1514.959961,1495.709961,1511.290039,3618360000,1511.290039,"2013-02-05"
1511.290039,1512.530029,1504.709961,1512.119995,3611570000,1512.119995,"2013-02-06"
1512.119995,1512.900024,1498.48999,1509.390015,3614580000,1509.390015,"2013-02-07"
1509.390015,1518.310059,1509.390015,1517.930054,2986150000,1517.930054,"2013-02-08"
1517.930054,1518.310059,1513.609985,1517.01001,2684100000,1517.01001,"2013-02-11"
1517.01001,1522.290039,1515.609985,1519.430054,3414370000,1519.430054,"2013-02-12"
1519.430054,1524.689941,1515.930054,1520.329956,3385880000,1520.329956,"2013-02-13"
1520.329956,1523.140015,1514.02002,1521.380005,3759740000,1521.380005,"2013-02-14"
1521.380005,1524.23999,1514.140015,1519.790039,3838510000,1519.790039,"2013-02-15"
1519.790039,1530.939941,1519.790039,1530.939941,3748910000,1530.939941,"2013-02-19"
1530.939941,1530.939941,1511.410034,1511.949951,4240570000,1511.949951,"2013-02-20"
1511.949951,1511.949951,1497.290039,1502.420044,4274600000,1502.420044,"2013-02-21"
1502.420044,1515.640015,1502.420044,1515.599976,3419320000,1515.599976,"2013-02-22"
1515.599976,1525.839966,1487.849976,1487.849976,4011050000,1487.849976,"2013-02-25"
1487.849976,1498.98999,1485.01001,1496.939941,3975280000,1496.939941,"2013-02-26"
1496.939941,1520.079956,1494.880005,1515.98999,3551850000,1515.98999,"2013-02-27"
1515.98999,1525.339966,1514.459961,1514.680054,3912320000,1514.680054,"2013-02-28"
1514.680054,1519.98999,1501.47998,1518.199951,3695610000,1518.199951,"2013-03-01"
1518.199951,1525.27002,1512.290039,1525.199951,3414430000,1525.199951,"2013-03-04"
1525.199951,1543.469971,1525.199951,1539.790039,3610690000,1539.790039,"2013-03-05"
1539.790039,1545.25,1538.109985,1541.459961,3676890000,1541.459961,"2013-03-06"
1541.459961,1545.780029,1541.459961,1544.26001,3634710000,1544.26001,"2013-03-07"
1544.26001,1552.47998,1542.939941,1551.180054,3652260000,1551.180054,"2013-03-08"
1551.150024,1556.27002,1547.359985,1556.219971,3091080000,1556.219971,"2013-03-11"
1556.219971,1556.77002,1548.23999,1552.47998,3274910000,1552.47998,"2013-03-12"
1552.47998,1556.390015,1548.25,1554.52002,3073830000,1554.52002,"2013-03-13"
1554.52002,1563.319946,1554.52002,1563.22998,3459260000,1563.22998,"2013-03-14"
1563.209961,1563.619995,1555.73999,1560.699951,5175850000,1560.699951,"2013-03-15"
1560.699951,1560.699951,1545.130005,1552.099976,3164560000,1552.099976,"2013-03-18"
1552.099976,1557.25,1538.569946,1548.339966,3796210000,1548.339966,"2013-03-19"
1548.339966,1561.560059,1548.339966,1558.709961,3349090000,1558.709961,"2013-03-20"
1558.709961,1558.709961,1543.550049,1545.800049,3243270000,1545.800049,"2013-03-21"
1545.900024,1557.73999,1545.900024,1556.890015,2948380000,1556.890015,"2013-03-22"
1556.890015,1564.910034,1546.219971,1551.689941,3178170000,1551.689941,"2013-03-25"
1551.689941,1563.949951,1551.689941,1563.77002,2869260000,1563.77002,"2013-03-26"
1563.75,1564.069946,1551.900024,1562.849976,2914210000,1562.849976,"2013-03-27"
1562.859985,1570.280029,1561.079956,1569.189941,3304440000,1569.189941,"2013-03-28"
1569.180054,1570.569946,1558.469971,1562.170044,2753110000,1562.170044,"2013-04-01"
1562.170044,1573.660034,1562.170044,1570.25,3312160000,1570.25,"2013-04-02"
1570.25,1571.469971,1549.800049,1553.689941,4060610000,1553.689941,"2013-04-03"
1553.689941,1562.599976,1552.52002,1559.97998,3350670000,1559.97998,"2013-04-04"
1559.97998,1559.97998,1539.5,1553.280029,3515410000,1553.280029,"2013-04-05"
1553.26001,1563.069946,1548.630005,1563.069946,2887120000,1563.069946,"2013-04-08"
1563.109985,1573.890015,1560.920044,1568.609985,3252780000,1568.609985,"2013-04-09"
1568.609985,1589.069946,1568.609985,1587.72998,3453350000,1587.72998,"2013-04-10"
1587.72998,1597.349976,1586.170044,1593.369995,3393950000,1593.369995,"2013-04-11"
1593.300049,1593.300049,1579.969971,1588.849976,3206290000,1588.849976,"2013-04-12"
1588.839966,1588.839966,1552.280029,1552.359985,4660130000,1552.359985,"2013-04-15"
1552.359985,1575.349976,1552.359985,1574.569946,3654700000,1574.569946,"2013-04-16"
1574.569946,1574.569946,1543.689941,1552.01001,4250310000,1552.01001,"2013-04-17"
1552.030029,1554.380005,1536.030029,1541.609985,3890800000,1541.609985,"2013-04-18"
1541.609985,1555.890015,1539.400024,1555.25,3569870000,1555.25,"2013-04-19"
1555.25,1565.550049,1548.189941,1562.5,2979880000,1562.5,"2013-04-22"
1562.5,1579.579956,1562.5,1578.780029,3565150000,1578.780029,"2013-04-23"
1578.780029,1583,1575.800049,1578.790039,3598240000,1578.790039,"2013-04-24"
1578.930054,1592.640015,1578.930054,1585.160034,3908580000,1585.160034,"2013-04-25"
1585.160034,1585.780029,1577.560059,1582.23999,3198620000,1582.23999,"2013-04-26"
1582.339966,1596.650024,1582.339966,1593.609985,2891200000,1593.609985,"2013-04-29"
1593.579956,1597.569946,1586.5,1597.569946,3745070000,1597.569946,"2013-04-30"
1597.550049,1597.550049,1581.280029,1582.699951,3530320000,1582.699951,"2013-05-01"
1582.77002,1598.599976,1582.77002,1597.589966,3366950000,1597.589966,"2013-05-02"
1597.599976,1618.459961,1597.599976,1614.420044,3603910000,1614.420044,"2013-05-03"
1614.400024,1619.77002,1614.209961,1617.5,3062240000,1617.5,"2013-05-06"
1617.550049,1626.030029,1616.640015,1625.959961,3309580000,1625.959961,"2013-05-07"
1625.949951,1632.780029,1622.699951,1632.689941,3554700000,1632.689941,"2013-05-08"
1632.689941,1635.01001,1623.089966,1626.670044,3457400000,1626.670044,"2013-05-09"
1626.689941,1633.699951,1623.709961,1633.699951,3086470000,1633.699951,"2013-05-10"
1632.099976,1636,1626.73999,1633.77002,2910600000,1633.77002,"2013-05-13"
1633.75,1651.099976,1633.75,1650.339966,3457790000,1650.339966,"2013-05-14"
1649.130005,1661.48999,1646.680054,1658.780029,3657440000,1658.780029,"2013-05-15"
1658.069946,1660.51001,1648.599976,1650.469971,3513130000,1650.469971,"2013-05-16"
1652.449951,1667.469971,1652.449951,1667.469971,3440710000,1667.469971,"2013-05-17"
1665.709961,1672.839966,1663.52002,1666.290039,3275080000,1666.290039,"2013-05-20"
1666.199951,1674.930054,1662.670044,1669.160034,3513560000,1669.160034,"2013-05-21"
1669.390015,1687.180054,1648.859985,1655.349976,4361020000,1655.349976,"2013-05-22"
1651.619995,1655.5,1635.530029,1650.51001,3945510000,1650.51001,"2013-05-23"
1646.670044,1649.780029,1636.880005,1649.599976,2758080000,1649.599976,"2013-05-24"
1652.630005,1674.209961,1652.630005,1660.060059,3457400000,1660.060059,"2013-05-28"
1656.569946,1656.569946,1640.050049,1648.359985,3587140000,1648.359985,"2013-05-29"
1649.140015,1661.910034,1648.609985,1654.410034,3498620000,1654.410034,"2013-05-30"
1652.130005,1658.98999,1630.73999,1630.73999,4099600000,1630.73999,"2013-05-31"
1631.709961,1640.420044,1622.719971,1640.420044,3952070000,1640.420044,"2013-06-03"
1640.72998,1646.530029,1623.619995,1631.380005,3653840000,1631.380005,"2013-06-04"
1629.050049,1629.310059,1607.089966,1608.900024,3632350000,1608.900024,"2013-06-05"
1609.290039,1622.560059,1598.22998,1622.560059,3547380000,1622.560059,"2013-06-06"
1625.27002,1644.400024,1625.27002,1643.380005,3371990000,1643.380005,"2013-06-07"
1644.670044,1648.689941,1639.26001,1642.810059,2978730000,1642.810059,"2013-06-10"
1638.640015,1640.130005,1622.920044,1626.130005,3435710000,1626.130005,"2013-06-11"
1629.939941,1637.709961,1610.920044,1612.52002,3202550000,1612.52002,"2013-06-12"
1612.150024,1639.25,1608.069946,1636.359985,3378620000,1636.359985,"2013-06-13"
1635.52002,1640.800049,1623.959961,1626.72998,2939400000,1626.72998,"2013-06-14"
1630.640015,1646.5,1630.339966,1639.040039,3137080000,1639.040039,"2013-06-17"
1639.77002,1654.189941,1639.77002,1651.810059,3120980000,1651.810059,"2013-06-18"
1651.829956,1652.449951,1628.910034,1628.930054,3545060000,1628.930054,"2013-06-19"
1624.619995,1624.619995,1584.319946,1588.189941,4858850000,1588.189941,"2013-06-20"
1588.619995,1599.189941,1577.699951,1592.430054,5797280000,1592.430054,"2013-06-21"
1588.77002,1588.77002,1560.329956,1573.089966,4733660000,1573.089966,"2013-06-24"
1577.52002,1593.790039,1577.089966,1588.030029,3761170000,1588.030029,"2013-06-25"
1592.27002,1606.829956,1592.27002,1603.26001,3558340000,1603.26001,"2013-06-26"
1606.439941,1620.069946,1606.439941,1613.199951,3364540000,1613.199951,"2013-06-27"
1611.119995,1615.939941,1601.060059,1606.280029,4977190000,1606.280029,"2013-06-28"
1609.780029,1626.609985,1609.780029,1614.959961,3104690000,1614.959961,"2013-07-01"
1614.290039,1624.26001,1606.77002,1614.079956,3317130000,1614.079956,"2013-07-02"
1611.47998,1618.969971,1604.569946,1615.410034,1966050000,1615.410034,"2013-07-03"
1618.650024,1632.069946,1614.709961,1631.890015,2634140000,1631.890015,"2013-07-05"
1634.199951,1644.680054,1634.199951,1640.459961,3514590000,1640.459961,"2013-07-08"
1642.890015,1654.180054,1642.890015,1652.319946,3155360000,1652.319946,"2013-07-09"
1651.560059,1657.920044,1647.660034,1652.619995,3011010000,1652.619995,"2013-07-10"
1657.410034,1676.630005,1657.410034,1675.02002,3446340000,1675.02002,"2013-07-11"
1675.26001,1680.189941,1672.329956,1680.189941,3039070000,1680.189941,"2013-07-12"
1679.589966,1684.51001,1677.890015,1682.5,2623200000,1682.5,"2013-07-15"
1682.699951,1683.72998,1671.839966,1676.26001,3081710000,1676.26001,"2013-07-16"
1677.910034,1684.75,1677.910034,1680.910034,3153440000,1680.910034,"2013-07-17"
1681.050049,1693.119995,1681.050049,1689.369995,3452370000,1689.369995,"2013-07-18"
1686.150024,1692.089966,1684.079956,1692.089966,3302580000,1692.089966,"2013-07-19"
1694.410034,1697.609985,1690.670044,1695.530029,2779130000,1695.530029,"2013-07-22"
1696.630005,1698.780029,1691.130005,1692.390015,3096180000,1692.390015,"2013-07-23"
1696.060059,1698.380005,1682.569946,1685.939941,3336120000,1685.939941,"2013-07-24"
1685.209961,1690.939941,1680.069946,1690.25,3322500000,1690.25,"2013-07-25"
1687.310059,1691.849976,1676.030029,1691.650024,2762770000,1691.650024,"2013-07-26"
1690.319946,1690.920044,1681.859985,1685.329956,2840520000,1685.329956,"2013-07-29"
1687.920044,1693.189941,1682.420044,1685.959961,3320530000,1685.959961,"2013-07-30"
1687.76001,1698.430054,1684.939941,1685.72998,3847390000,1685.72998,"2013-07-31"
1689.420044,1707.849976,1689.420044,1706.869995,3775170000,1706.869995,"2013-08-01"
1706.099976,1709.670044,1700.680054,1709.670044,3136630000,1709.670044,"2013-08-02"
1708.01001,1709.23999,1703.550049,1707.140015,2529300000,1707.140015,"2013-08-05"
1705.790039,1705.790039,1693.290039,1697.369995,3141210000,1697.369995,"2013-08-06"
1695.300049,1695.300049,1684.910034,1690.910034,3010230000,1690.910034,"2013-08-07"
1693.349976,1700.180054,1688.380005,1697.47998,3271660000,1697.47998,"2013-08-08"
1696.099976,1699.420044,1686.02002,1691.420044,2957670000,1691.420044,"2013-08-09"
1688.369995,1691.48999,1683.349976,1689.469971,2789160000,1689.469971,"2013-08-12"
1690.650024,1696.810059,1682.619995,1694.160034,3035560000,1694.160034,"2013-08-13"
1693.880005,1695.52002,1684.829956,1685.390015,2871430000,1685.390015,"2013-08-14"
1679.609985,1679.609985,1658.589966,1661.319946,3426690000,1661.319946,"2013-08-15"
1661.219971,1663.599976,1652.609985,1655.829956,3211450000,1655.829956,"2013-08-16"
1655.25,1659.180054,1645.839966,1646.060059,2904530000,1646.060059,"2013-08-19"
1646.810059,1658.920044,1646.079956,1652.349976,2994090000,1652.349976,"2013-08-20"
1650.660034,1656.98999,1639.430054,1642.800049,2932180000,1642.800049,"2013-08-21"
1645.030029,1659.550049,1645.030029,1656.959961,2537460000,1656.959961,"2013-08-22"
1659.920044,1664.849976,1654.810059,1663.5,2582670000,1663.5,"2013-08-23"
1664.290039,1669.51001,1656.02002,1656.780029,2430670000,1656.780029,"2013-08-26"
1652.540039,1652.540039,1629.050049,1630.47998,3219190000,1630.47998,"2013-08-27"
1630.25,1641.180054,1627.469971,1634.959961,2784010000,1634.959961,"2013-08-28"
1633.5,1646.410034,1630.880005,1638.170044,2527550000,1638.170044,"2013-08-29"
1638.890015,1640.079956,1628.050049,1632.969971,2734300000,1632.969971,"2013-08-30"
1635.949951,1651.349976,1633.410034,1639.77002,3731610000,1639.77002,"2013-09-03"
1640.719971,1655.719971,1637.410034,1653.079956,3312150000,1653.079956,"2013-09-04"
1653.280029,1659.170044,1653.069946,1655.079956,2957110000,1655.079956,"2013-09-05"
1657.439941,1664.829956,1640.619995,1655.170044,3123880000,1655.170044,"2013-09-06"
1656.849976,1672.400024,1656.849976,1671.709961,3102780000,1671.709961,"2013-09-09"
1675.109985,1684.089966,1675.109985,1683.98999,3691800000,1683.98999,"2013-09-10"
1681.040039,1689.130005,1678.699951,1689.130005,3135460000,1689.130005,"2013-09-11"
1689.209961,1689.969971,1681.959961,1683.420044,3106290000,1683.420044,"2013-09-12"
1685.040039,1688.72998,1682.219971,1687.98999,2736500000,1687.98999,"2013-09-13"
1691.699951,1704.949951,1691.699951,1697.599976,3079800000,1697.599976,"2013-09-16"
1697.72998,1705.52002,1697.72998,1704.76001,2774240000,1704.76001,"2013-09-17"
1705.73999,1729.439941,1700.349976,1725.52002,3989760000,1725.52002,"2013-09-18"
1727.339966,1729.859985,1720.199951,1722.339966,3740130000,1722.339966,"2013-09-19"
1722.439941,1725.22998,1708.890015,1709.910034,5074030000,1709.910034,"2013-09-20"
1711.439941,1711.439941,1697.099976,1701.839966,3126950000,1701.839966,"2013-09-23"
1702.599976,1707.630005,1694.900024,1697.420044,3268930000,1697.420044,"2013-09-24"
1698.02002,1701.709961,1691.880005,1692.77002,3148730000,1692.77002,"2013-09-25"
1694.050049,1703.849976,1693.109985,1698.670044,2813930000,1698.670044,"2013-09-26"
1695.52002,1695.52002,1687.109985,1691.75,2951700000,1691.75,"2013-09-27"
1687.26001,1687.26001,1674.98999,1681.550049,3308630000,1681.550049,"2013-09-30"
1682.410034,1696.550049,1682.069946,1695,3238690000,1695,"2013-10-01"
1691.900024,1693.869995,1680.339966,1693.869995,3148600000,1693.869995,"2013-10-02"
1692.349976,1692.349976,1670.359985,1678.660034,3279650000,1678.660034,"2013-10-03"
1678.790039,1691.939941,1677.329956,1690.5,2880270000,1690.5,"2013-10-04"
1687.150024,1687.150024,1674.699951,1676.119995,2678490000,1676.119995,"2013-10-07"
1676.219971,1676.790039,1655.030029,1655.449951,3569230000,1655.449951,"2013-10-08"
1656.98999,1662.469971,1646.469971,1656.400024,3577840000,1656.400024,"2013-10-09"
1660.880005,1692.560059,1660.880005,1692.560059,3362300000,1692.560059,"2013-10-10"
1691.089966,1703.439941,1688.52002,1703.199951,2944670000,1703.199951,"2013-10-11"
1699.859985,1711.030029,1692.130005,1710.140015,2580580000,1710.140015,"2013-10-14"
1709.170044,1711.569946,1695.930054,1698.060059,3327740000,1698.060059,"2013-10-15"
1700.48999,1721.76001,1700.48999,1721.540039,3486180000,1721.540039,"2013-10-16"
1720.170044,1733.449951,1714.119995,1733.150024,3453590000,1733.150024,"2013-10-17"
1736.719971,1745.310059,1735.73999,1744.5,3664890000,1744.5,"2013-10-18"
1745.199951,1747.790039,1740.670044,1744.660034,3052710000,1744.660034,"2013-10-21"
1746.47998,1759.329956,1746.47998,1754.670044,3850840000,1754.670044,"2013-10-22"
1752.27002,1752.27002,1740.5,1746.380005,3713380000,1746.380005,"2013-10-23"
1747.47998,1753.939941,1745.5,1752.069946,3671700000,1752.069946,"2013-10-24"
1756.01001,1759.819946,1752.449951,1759.77002,3175720000,1759.77002,"2013-10-25"
1759.420044,1764.98999,1757.670044,1762.109985,3282300000,1762.109985,"2013-10-28"
1762.930054,1772.089966,1762.930054,1771.949951,3358460000,1771.949951,"2013-10-29"
1772.27002,1775.219971,1757.23999,1763.310059,3523040000,1763.310059,"2013-10-30"
1763.23999,1768.530029,1755.719971,1756.540039,3826530000,1756.540039,"2013-10-31"
1758.699951,1765.670044,1752.699951,1761.640015,3686290000,1761.640015,"2013-11-01"
1763.400024,1768.780029,1761.560059,1767.930054,3194870000,1767.930054,"2013-11-04"
1765.670044,1767.030029,1755.76001,1762.969971,3516680000,1762.969971,"2013-11-05"
1765,1773.73999,1764.400024,1770.48999,3322100000,1770.48999,"2013-11-06"
1770.73999,1774.540039,1746.199951,1747.150024,4143200000,1747.150024,"2013-11-07"
1748.369995,1770.780029,1747.630005,1770.609985,3837170000,1770.609985,"2013-11-08"
1769.959961,1773.439941,1767.849976,1771.890015,2534060000,1771.890015,"2013-11-11"
1769.51001,1771.780029,1762.290039,1767.689941,3221030000,1767.689941,"2013-11-12"
1764.369995,1782,1760.640015,1782,3327480000,1782,"2013-11-13"
1782.75,1791.530029,1780.219971,1790.619995,3139060000,1790.619995,"2013-11-14"
1790.660034,1798.219971,1790.660034,1798.180054,3254820000,1798.180054,"2013-11-15"
1798.819946,1802.329956,1788,1791.530029,3168520000,1791.530029,"2013-11-18"
1790.790039,1795.51001,1784.719971,1787.869995,3224450000,1787.869995,"2013-11-19"
1789.589966,1795.72998,1777.22998,1781.369995,3109140000,1781.369995,"2013-11-20"
1783.52002,1797.160034,1783.52002,1795.849976,3256630000,1795.849976,"2013-11-21"
1797.209961,1804.839966,1794.699951,1804.76001,3055140000,1804.76001,"2013-11-22"
1806.329956,1808.099976,1800.579956,1802.47998,2998540000,1802.47998,"2013-11-25"
1802.869995,1808.420044,1800.77002,1802.75,3427120000,1802.75,"2013-11-26"
1803.47998,1808.27002,1802.77002,1807.22998,2613590000,1807.22998,"2013-11-27"
1808.689941,1813.550049,1803.97998,1805.810059,1598300000,1805.810059,"2013-11-29"
1806.550049,1810.02002,1798.599976,1800.900024,3095430000,1800.900024,"2013-12-02"
1800.099976,1800.099976,1787.849976,1795.150024,3475680000,1795.150024,"2013-12-03"
1793.150024,1799.800049,1779.089966,1792.810059,3610540000,1792.810059,"2013-12-04"
1792.819946,1792.819946,1783.380005,1785.030029,3336880000,1785.030029,"2013-12-05"
1788.359985,1806.040039,1788.359985,1805.089966,3150030000,1805.089966,"2013-12-06"
1806.209961,1811.52002,1806.209961,1808.369995,3129500000,1808.369995,"2013-12-09"
1807.599976,1808.52002,1801.75,1802.619995,3117150000,1802.619995,"2013-12-10"
1802.76001,1802.969971,1780.089966,1782.219971,3472240000,1782.219971,"2013-12-11"
1781.709961,1782.98999,1772.280029,1775.5,3306640000,1775.5,"2013-12-12"
1777.97998,1780.920044,1772.449951,1775.319946,3061070000,1775.319946,"2013-12-13"
1777.47998,1792.219971,1777.47998,1786.540039,3209890000,1786.540039,"2013-12-16"
1786.469971,1786.77002,1777.050049,1781,3270030000,1781,"2013-12-17"
1781.459961,1811.079956,1767.98999,1810.650024,4327770000,1810.650024,"2013-12-18"
1809,1810.880005,1801.349976,1809.599976,3497210000,1809.599976,"2013-12-19"
1810.390015,1823.75,1810.25,1818.319946,5097700000,1818.319946,"2013-12-20"
1822.920044,1829.75,1822.920044,1827.98999,2851540000,1827.98999,"2013-12-23"
1828.02002,1833.319946,1828.02002,1833.319946,1307630000,1833.319946,"2013-12-24"
1834.959961,1842.839966,1834.959961,1842.02002,1982270000,1842.02002,"2013-12-26"
1842.969971,1844.890015,1839.810059,1841.400024,2052920000,1841.400024,"2013-12-27"
1841.469971,1842.469971,1838.77002,1841.069946,2293860000,1841.069946,"2013-12-30"
1842.609985,1849.439941,1842.410034,1848.359985,2312840000,1848.359985,"2013-12-31"
1845.859985,1845.859985,1827.73999,1831.97998,3080600000,1831.97998,"2014-01-02"
1833.209961,1838.23999,1829.130005,1831.369995,2774270000,1831.369995,"2014-01-03"
1832.310059,1837.160034,1823.72998,1826.77002,3294850000,1826.77002,"2014-01-06"
1828.709961,1840.099976,1828.709961,1837.880005,3511750000,1837.880005,"2014-01-07"
1837.900024,1840.02002,1831.400024,1837.48999,3652140000,1837.48999,"2014-01-08"
1839,1843.22998,1830.380005,1838.130005,3581150000,1838.130005,"2014-01-09"
1840.060059,1843.150024,1832.430054,1842.369995,3335710000,1842.369995,"2014-01-10"
1841.26001,1843.449951,1815.52002,1819.199951,3591350000,1819.199951,"2014-01-13"
1821.359985,1839.26001,1821.359985,1838.880005,3353270000,1838.880005,"2014-01-14"
1840.52002,1850.839966,1840.52002,1848.380005,3777800000,1848.380005,"2014-01-15"
1847.98999,1847.98999,1840.300049,1845.890015,3491310000,1845.890015,"2014-01-16"
1844.22998,1846.040039,1835.22998,1838.699951,3626120000,1838.699951,"2014-01-17"
1841.050049,1849.310059,1832.380005,1843.800049,3782470000,1843.800049,"2014-01-21"
1844.709961,1846.869995,1840.880005,1844.859985,3374170000,1844.859985,"2014-01-22"
1842.290039,1842.290039,1820.060059,1828.459961,3972250000,1828.459961,"2014-01-23"
1826.959961,1826.959961,1790.290039,1790.290039,4618450000,1790.290039,"2014-01-24"
1791.030029,1795.97998,1772.880005,1781.560059,4045200000,1781.560059,"2014-01-27"
1783,1793.869995,1779.48999,1792.5,3437830000,1792.5,"2014-01-28"
1790.150024,1790.150024,1770.449951,1774.199951,3964020000,1774.199951,"2014-01-29"
1777.170044,1798.77002,1777.170044,1794.189941,3547510000,1794.189941,"2014-01-30"
1790.880005,1793.880005,1772.26001,1782.589966,4059690000,1782.589966,"2014-01-31"
1782.680054,1784.829956,1739.660034,1741.890015,4726040000,1741.890015,"2014-02-03"
1743.819946,1758.72998,1743.819946,1755.199951,4068410000,1755.199951,"2014-02-04"
1753.380005,1755.790039,1737.920044,1751.640015,3984290000,1751.640015,"2014-02-05"
1752.98999,1774.060059,1752.98999,1773.430054,3825410000,1773.430054,"2014-02-06"
1776.01001,1798.030029,1776.01001,1797.02002,3775990000,1797.02002,"2014-02-07"
1796.199951,1799.939941,1791.829956,1799.839966,3312160000,1799.839966,"2014-02-10"
1800.449951,1823.540039,1800.410034,1819.75,3699380000,1819.75,"2014-02-11"
1820.119995,1826.550049,1815.969971,1819.26001,3326380000,1819.26001,"2014-02-12"
1814.819946,1830.25,1809.219971,1829.829956,3289510000,1829.829956,"2014-02-13"
1828.459961,1841.650024,1825.589966,1838.630005,3114750000,1838.630005,"2014-02-14"
1839.030029,1842.869995,1835.01001,1840.76001,3421110000,1840.76001,"2014-02-18"
1838.900024,1847.5,1826.98999,1828.75,3661570000,1828.75,"2014-02-19"
1829.23999,1842.790039,1824.579956,1839.780029,3404980000,1839.780029,"2014-02-20"
1841.069946,1846.130005,1835.599976,1836.25,3403880000,1836.25,"2014-02-21"
1836.780029,1858.709961,1836.780029,1847.609985,4014530000,1847.609985,"2014-02-24"
1847.660034,1852.910034,1840.189941,1845.119995,3515560000,1845.119995,"2014-02-25"
1845.790039,1852.650024,1840.660034,1845.160034,3716730000,1845.160034,"2014-02-26"
1844.900024,1854.530029,1841.130005,1854.290039,3547460000,1854.290039,"2014-02-27"
1855.119995,1867.920044,1847.670044,1859.449951,3917450000,1859.449951,"2014-02-28"
1857.680054,1857.680054,1834.439941,1845.72998,3428220000,1845.72998,"2014-03-03"
1849.22998,1876.22998,1849.22998,1873.910034,3765770000,1873.910034,"2014-03-04"
1874.050049,1876.530029,1871.109985,1873.810059,3392990000,1873.810059,"2014-03-05"
1874.180054,1881.939941,1874.180054,1877.030029,3360450000,1877.030029,"2014-03-06"
1878.52002,1883.569946,1870.560059,1878.040039,3564740000,1878.040039,"2014-03-07"
1877.859985,1877.869995,1867.040039,1877.170044,3021350000,1877.170044,"2014-03-10"
1878.26001,1882.349976,1863.880005,1867.630005,3392400000,1867.630005,"2014-03-11"
1866.150024,1868.380005,1854.380005,1868.199951,3270860000,1868.199951,"2014-03-12"
1869.060059,1874.400024,1841.859985,1846.339966,3670990000,1846.339966,"2014-03-13"
1845.069946,1852.439941,1839.569946,1841.130005,3285460000,1841.130005,"2014-03-14"
1842.810059,1862.300049,1842.810059,1858.829956,2860490000,1858.829956,"2014-03-17"
1858.920044,1873.76001,1858.920044,1872.25,2930190000,1872.25,"2014-03-18"
1872.25,1874.140015,1850.349976,1860.77002,3289210000,1860.77002,"2014-03-19"
1860.089966,1873.48999,1854.630005,1872.01001,3327540000,1872.01001,"2014-03-20"
1874.530029,1883.969971,1863.459961,1866.52002,5270710000,1866.52002,"2014-03-21"
1867.670044,1873.339966,1849.689941,1857.439941,3.409e+09,1857.439941,"2014-03-24"
1859.47998,1871.869995,1855.959961,1865.619995,3200560000,1865.619995,"2014-03-25"
1867.089966,1875.920044,1852.560059,1852.560059,3480850000,1852.560059,"2014-03-26"
1852.109985,1855.550049,1842.109985,1849.040039,3733430000,1849.040039,"2014-03-27"
1850.069946,1866.630005,1850.069946,1857.619995,2955520000,1857.619995,"2014-03-28"
1859.160034,1875.180054,1859.160034,1872.339966,3274300000,1872.339966,"2014-03-31"
1873.959961,1885.839966,1873.959961,1885.52002,3336190000,1885.52002,"2014-04-01"
1886.609985,1893.170044,1883.790039,1890.900024,3131660000,1890.900024,"2014-04-02"
1891.430054,1893.800049,1882.650024,1888.77002,3055600000,1888.77002,"2014-04-03"
1890.25,1897.280029,1863.26001,1865.089966,3583750000,1865.089966,"2014-04-04"
1863.920044,1864.040039,1841.47998,1845.040039,3801540000,1845.040039,"2014-04-07"
1845.47998,1854.949951,1837.48999,1851.959961,3721450000,1851.959961,"2014-04-08"
1852.640015,1872.430054,1852.380005,1872.180054,3308650000,1872.180054,"2014-04-09"
1872.280029,1872.530029,1830.869995,1833.079956,3758780000,1833.079956,"2014-04-10"
1830.650024,1835.069946,1814.359985,1815.689941,3743460000,1815.689941,"2014-04-11"
1818.180054,1834.189941,1815.800049,1830.609985,3111540000,1830.609985,"2014-04-14"
1831.449951,1844.02002,1816.290039,1842.97998,3736440000,1842.97998,"2014-04-15"
1846.01001,1862.310059,1846.01001,1862.310059,3155080000,1862.310059,"2014-04-16"
1861.72998,1869.630005,1856.719971,1864.849976,3341430000,1864.849976,"2014-04-17"
1865.790039,1871.890015,1863.180054,1871.890015,2642500000,1871.890015,"2014-04-21"
1872.569946,1884.890015,1872.569946,1879.550049,3215440000,1879.550049,"2014-04-22"
1879.319946,1879.75,1873.910034,1875.390015,3085720000,1875.390015,"2014-04-23"
1881.969971,1884.060059,1870.23999,1878.609985,3191830000,1878.609985,"2014-04-24"
1877.719971,1877.719971,1859.699951,1863.400024,3213020000,1863.400024,"2014-04-25"
1865,1877.01001,1850.609985,1869.430054,4034680000,1869.430054,"2014-04-28"
1870.780029,1880.599976,1870.780029,1878.329956,3647820000,1878.329956,"2014-04-29"
1877.099976,1885.199951,1872.689941,1883.949951,3779230000,1883.949951,"2014-04-30"
1884.390015,1888.589966,1878.040039,1883.680054,3416740000,1883.680054,"2014-05-01"
1885.300049,1891.329956,1878.5,1881.140015,3159560000,1881.140015,"2014-05-02"
1879.449951,1885.51001,1866.77002,1884.660034,2733730000,1884.660034,"2014-05-05"
1883.689941,1883.689941,1867.719971,1867.719971,3327260000,1867.719971,"2014-05-06"
1868.530029,1878.829956,1859.790039,1878.209961,3632950000,1878.209961,"2014-05-07"
1877.390015,1889.069946,1870.050049,1875.630005,3393420000,1875.630005,"2014-05-08"
1875.27002,1878.569946,1867.02002,1878.47998,3025020000,1878.47998,"2014-05-09"
1880.030029,1897.130005,1880.030029,1896.650024,3005740000,1896.650024,"2014-05-12"
1896.75,1902.170044,1896.060059,1897.449951,2915680000,1897.449951,"2014-05-13"
1897.130005,1897.130005,1885.77002,1888.530029,2822060000,1888.530029,"2014-05-14"
1888.160034,1888.160034,1862.359985,1870.849976,3552640000,1870.849976,"2014-05-15"
1871.189941,1878.280029,1864.819946,1877.859985,3173650000,1877.859985,"2014-05-16"
1876.660034,1886,1872.420044,1885.079956,2664250000,1885.079956,"2014-05-19"
1884.880005,1884.880005,1868.140015,1872.829956,3007700000,1872.829956,"2014-05-20"
1873.339966,1888.800049,1873.339966,1888.030029,2777140000,1888.030029,"2014-05-21"
1888.189941,1896.329956,1885.390015,1892.48999,2759800000,1892.48999,"2014-05-22"
1893.319946,1901.26001,1893.319946,1900.530029,2396280000,1900.530029,"2014-05-23"
1902.01001,1912.280029,1902.01001,1911.910034,2911020000,1911.910034,"2014-05-27"
1911.77002,1914.459961,1907.300049,1909.780029,2976450000,1909.780029,"2014-05-28"
1910.599976,1920.030029,1909.819946,1920.030029,2709050000,1920.030029,"2014-05-29"
1920.329956,1924.030029,1916.640015,1923.569946,3263490000,1923.569946,"2014-05-30"
1923.869995,1925.880005,1915.97998,1924.969971,2509020000,1924.969971,"2014-06-02"
1923.069946,1925.069946,1918.790039,1924.23999,2867180000,1924.23999,"2014-06-03"
1923.060059,1928.630005,1918.599976,1927.880005,2793920000,1927.880005,"2014-06-04"
1928.52002,1941.73999,1922.930054,1940.459961,3113270000,1940.459961,"2014-06-05"
1942.410034,1949.439941,1942.410034,1949.439941,2864300000,1949.439941,"2014-06-06"
1948.969971,1955.550049,1947.160034,1951.27002,2812180000,1951.27002,"2014-06-09"
1950.339966,1950.859985,1944.640015,1950.790039,2702360000,1950.790039,"2014-06-10"
1949.369995,1949.369995,1940.079956,1943.890015,2710620000,1943.890015,"2014-06-11"
1943.349976,1943.349976,1925.780029,1930.109985,3040480000,1930.109985,"2014-06-12"
1930.800049,1937.300049,1927.689941,1936.160034,2598230000,1936.160034,"2014-06-13"
1934.839966,1941.150024,1930.910034,1937.780029,2926130000,1937.780029,"2014-06-16"
1937.150024,1943.689941,1933.550049,1941.98999,2971260000,1941.98999,"2014-06-17"
1942.72998,1957.73999,1939.290039,1956.97998,3065220000,1956.97998,"2014-06-18"
1957.5,1959.869995,1952.26001,1959.47998,2952150000,1959.47998,"2014-06-19"
1960.449951,1963.910034,1959.170044,1962.869995,4336240000,1962.869995,"2014-06-20"
1962.920044,1963.73999,1958.890015,1962.609985,2717630000,1962.609985,"2014-06-23"
1961.969971,1968.170044,1948.339966,1949.97998,3089700000,1949.97998,"2014-06-24"
1949.27002,1960.829956,1947.48999,1959.530029,3106710000,1959.530029,"2014-06-25"
1959.890015,1959.890015,1944.689941,1957.219971,2778840000,1957.219971,"2014-06-26"
1956.560059,1961.469971,1952.180054,1960.959961,4290590000,1960.959961,"2014-06-27"
1960.790039,1964.23999,1958.219971,1960.22998,3037350000,1960.22998,"2014-06-30"
1962.290039,1978.579956,1962.290039,1973.319946,3188240000,1973.319946,"2014-07-01"
1973.060059,1976.670044,1972.579956,1974.619995,2851480000,1974.619995,"2014-07-02"
1975.880005,1985.589966,1975.880005,1985.439941,1998090000,1985.439941,"2014-07-03"
1984.219971,1984.219971,1974.880005,1977.650024,2681260000,1977.650024,"2014-07-07"
1976.390015,1976.390015,1959.459961,1963.709961,3302430000,1963.709961,"2014-07-08"
1965.099976,1974.150024,1965.099976,1972.829956,2858800000,1972.829956,"2014-07-09"
1966.670044,1969.839966,1952.859985,1964.680054,3165690000,1964.680054,"2014-07-10"
1965.76001,1968.670044,1959.630005,1967.569946,2684630000,1967.569946,"2014-07-11"
1969.859985,1979.849976,1969.859985,1977.099976,2744920000,1977.099976,"2014-07-14"
1977.359985,1982.52002,1965.339966,1973.280029,3328740000,1973.280029,"2014-07-15"
1976.349976,1983.939941,1975.670044,1981.569946,3390950000,1981.569946,"2014-07-16"
1979.75,1981.800049,1955.589966,1958.119995,3381680000,1958.119995,"2014-07-17"
1961.540039,1979.910034,1960.819946,1978.219971,3106060000,1978.219971,"2014-07-18"
1976.930054,1976.930054,1965.77002,1973.630005,2611160000,1973.630005,"2014-07-21"
1975.650024,1986.23999,1975.650024,1983.530029,2890480000,1983.530029,"2014-07-22"
1985.319946,1989.22998,1982.439941,1987.01001,2869720000,1987.01001,"2014-07-23"
1988.069946,1991.390015,1985.790039,1987.97998,3203530000,1987.97998,"2014-07-24"
1984.599976,1984.599976,1974.369995,1978.339966,2638960000,1978.339966,"2014-07-25"
1978.25,1981.52002,1967.310059,1978.910034,2803320000,1978.910034,"2014-07-28"
1980.030029,1984.849976,1969.949951,1969.949951,3183300000,1969.949951,"2014-07-29"
1973.209961,1978.900024,1962.420044,1970.069946,3448250000,1970.069946,"2014-07-30"
1965.140015,1965.140015,1930.670044,1930.670044,4.193e+09,1930.670044,"2014-07-31"
1929.800049,1937.349976,1916.369995,1925.150024,3789660000,1925.150024,"2014-08-01"
1926.619995,1942.920044,1921.199951,1938.98999,3072920000,1938.98999,"2014-08-04"
1936.339966,1936.339966,1913.77002,1920.209961,3462520000,1920.209961,"2014-08-05"
1917.290039,1927.910034,1911.449951,1920.23999,3539150000,1920.23999,"2014-08-06"
1923.030029,1928.890015,1904.780029,1909.569946,3230520000,1909.569946,"2014-08-07"
1910.349976,1932.380005,1909.01001,1931.589966,2902280000,1931.589966,"2014-08-08"
1933.430054,1944.900024,1933.430054,1936.920044,2784890000,1936.920044,"2014-08-11"
1935.72998,1939.650024,1928.290039,1933.75,2611700000,1933.75,"2014-08-12"
1935.599976,1948.410034,1935.599976,1946.719971,2718020000,1946.719971,"2014-08-13"
1947.410034,1955.22998,1947.410034,1955.180054,2609460000,1955.180054,"2014-08-14"
1958.869995,1964.040039,1941.5,1955.060059,3023380000,1955.060059,"2014-08-15"
1958.359985,1971.98999,1958.359985,1971.73999,2638160000,1971.73999,"2014-08-18"
1972.72998,1982.569946,1972.72998,1981.599976,2656430000,1981.599976,"2014-08-19"
1980.459961,1988.569946,1977.680054,1986.51001,2579380000,1986.51001,"2014-08-20"
1986.819946,1994.76001,1986.819946,1992.369995,2638920000,1992.369995,"2014-08-21"
1992.599976,1993.540039,1984.76001,1988.400024,2301860000,1988.400024,"2014-08-22"
1991.73999,2001.949951,1991.73999,1997.920044,2233880000,1997.920044,"2014-08-25"
1998.589966,2005.040039,1998.589966,2000.02002,2451950000,2000.02002,"2014-08-26"
2000.540039,2002.140015,1996.199951,2000.119995,2344350000,2000.119995,"2014-08-27"
1997.420044,1998.550049,1990.52002,1996.73999,2282400000,1996.73999,"2014-08-28"
1998.449951,2003.380005,1994.650024,2003.369995,2259130000,2003.369995,"2014-08-29"
2004.069946,2006.119995,1994.849976,2002.280029,2819980000,2002.280029,"2014-09-02"
2003.569946,2009.280029,1998.140015,2000.719971,2809980000,2000.719971,"2014-09-03"
2001.670044,2011.170044,1992.540039,1997.650024,3072410000,1997.650024,"2014-09-04"
1998,2007.709961,1990.099976,2007.709961,2818300000,2007.709961,"2014-09-05"
2007.170044,2007.170044,1995.599976,2001.540039,2789090000,2001.540039,"2014-09-08"
2000.72998,2001.01001,1984.609985,1988.439941,2882830000,1988.439941,"2014-09-09"
1988.410034,1996.660034,1982.98999,1995.689941,2912430000,1995.689941,"2014-09-10"
1992.849976,1997.650024,1985.930054,1997.449951,2941690000,1997.449951,"2014-09-11"
1996.73999,1996.73999,1980.26001,1985.540039,3206570000,1985.540039,"2014-09-12"
1986.040039,1987.180054,1978.47998,1984.130005,2776530000,1984.130005,"2014-09-15"
1981.930054,2002.280029,1979.060059,1998.97998,3160310000,1998.97998,"2014-09-16"
1999.300049,2010.73999,1993.290039,2001.569946,3209420000,2001.569946,"2014-09-17"
2003.069946,2012.339966,2003.069946,2011.359985,3235340000,2011.359985,"2014-09-18"
2012.73999,2019.26001,2006.589966,2010.400024,4880220000,2010.400024,"2014-09-19"
2009.079956,2009.079956,1991.01001,1994.290039,3349670000,1994.290039,"2014-09-22"
1992.780029,1995.410034,1982.77002,1982.77002,3279350000,1982.77002,"2014-09-23"
1983.339966,1999.790039,1978.630005,1998.300049,3313850000,1998.300049,"2014-09-24"
1997.319946,1997.319946,1965.98999,1965.98999,3273050000,1965.98999,"2014-09-25"
1966.219971,1986.369995,1966.219971,1982.849976,2929440000,1982.849976,"2014-09-26"
1978.959961,1981.280029,1964.040039,1977.800049,3094440000,1977.800049,"2014-09-29"
1978.209961,1985.170044,1968.959961,1972.290039,3951100000,1972.290039,"2014-09-30"
1971.439941,1971.439941,1941.719971,1946.160034,4188590000,1946.160034,"2014-10-01"
1945.829956,1952.319946,1926.030029,1946.170044,4012510000,1946.170044,"2014-10-02"
1948.119995,1971.189941,1948.119995,1967.900024,3561320000,1967.900024,"2014-10-03"
1970.01001,1977.839966,1958.430054,1964.819946,3358690000,1964.819946,"2014-10-06"
1962.359985,1962.359985,1934.869995,1935.099976,3687870000,1935.099976,"2014-10-07"
1935.550049,1970.359985,1925.25,1968.890015,4441890000,1968.890015,"2014-10-08"
1967.680054,1967.680054,1927.560059,1928.209961,4324020000,1928.209961,"2014-10-09"
1925.630005,1936.97998,1906.050049,1906.130005,4550540000,1906.130005,"2014-10-10"
1905.650024,1912.089966,1874.140015,1874.73999,4352580000,1874.73999,"2014-10-13"
1877.109985,1898.709961,1871.790039,1877.699951,4812010000,1877.699951,"2014-10-14"
1874.180054,1874.180054,1820.660034,1862.48999,6090800000,1862.48999,"2014-10-15"
1855.949951,1876.01001,1835.02002,1862.76001,5073150000,1862.76001,"2014-10-16"
1864.910034,1898.160034,1864.910034,1886.76001,4482120000,1886.76001,"2014-10-17"
1885.619995,1905.030029,1882.300049,1904.01001,3331210000,1904.01001,"2014-10-20"
1909.380005,1942.449951,1909.380005,1941.280029,3987090000,1941.280029,"2014-10-21"
1941.290039,1949.310059,1926.829956,1927.109985,3761930000,1927.109985,"2014-10-22"
1931.02002,1961.949951,1931.02002,1950.819946,3789250000,1950.819946,"2014-10-23"
1951.589966,1965.27002,1946.27002,1964.579956,3078380000,1964.579956,"2014-10-24"
1962.969971,1964.640015,1951.369995,1961.630005,3538860000,1961.630005,"2014-10-27"
1964.140015,1985.050049,1964.140015,1985.050049,3653260000,1985.050049,"2014-10-28"
1983.290039,1991.400024,1969.040039,1982.300049,3740350000,1982.300049,"2014-10-29"
1979.48999,1999.400024,1974.75,1994.650024,3586150000,1994.650024,"2014-10-30"
2001.199951,2018.189941,2001.199951,2018.050049,4292290000,2018.050049,"2014-10-31"
2018.209961,2024.459961,2013.680054,2017.810059,3555440000,2017.810059,"2014-11-03"
2015.810059,2015.97998,2001.01001,2012.099976,3956260000,2012.099976,"2014-11-04"
2015.290039,2023.77002,2014.420044,2023.569946,3766590000,2023.569946,"2014-11-05"
2023.329956,2031.609985,2015.859985,2031.209961,3669770000,2031.209961,"2014-11-06"
2032.359985,2034.26001,2025.069946,2031.920044,3704280000,2031.920044,"2014-11-07"
2032.01001,2038.699951,2030.170044,2038.26001,3284940000,2038.26001,"2014-11-10"
2038.199951,2041.280029,2035.280029,2039.680054,2958320000,2039.680054,"2014-11-11"
2037.75,2040.329956,2031.949951,2038.25,3246650000,2038.25,"2014-11-12"
2039.209961,2046.180054,2030.439941,2039.329956,3455270000,2039.329956,"2014-11-13"
2039.73999,2042.219971,2035.199951,2039.819946,3227130000,2039.819946,"2014-11-14"
2038.290039,2043.069946,2034.459961,2041.319946,3152890000,2041.319946,"2014-11-17"
2041.47998,2056.080078,2041.47998,2051.800049,3416190000,2051.800049,"2014-11-18"
2051.159912,2052.139893,2040.369995,2048.719971,3390850000,2048.719971,"2014-11-19"
2045.869995,2053.840088,2040.48999,2052.75,3128290000,2052.75,"2014-11-20"
2057.459961,2071.459961,2056.75,2063.5,3916420000,2063.5,"2014-11-21"
2065.070068,2070.169922,2065.070068,2069.409912,3128060000,2069.409912,"2014-11-24"
2070.149902,2074.209961,2064.75,2067.030029,3392940000,2067.030029,"2014-11-25"
2067.360107,2073.290039,2066.620117,2072.830078,2745260000,2072.830078,"2014-11-26"
2074.780029,2075.76001,2065.060059,2067.560059,2504640000,2067.560059,"2014-11-28"
2065.780029,2065.780029,2049.570068,2053.439941,4159010000,2053.439941,"2014-12-01"
2053.77002,2068.77002,2053.77002,2066.550049,3686650000,2066.550049,"2014-12-02"
2067.449951,2076.280029,2066.649902,2074.330078,3612680000,2074.330078,"2014-12-03"
2073.639893,2077.340088,2062.340088,2071.919922,3408340000,2071.919922,"2014-12-04"
2072.780029,2079.469971,2070.810059,2075.370117,3419620000,2075.370117,"2014-12-05"
2074.840088,2075.780029,2054.27002,2060.310059,3800990000,2060.310059,"2014-12-08"
2056.550049,2060.600098,2034.170044,2059.820068,3970150000,2059.820068,"2014-12-09"
2058.860107,2058.860107,2024.26001,2026.140015,4114440000,2026.140015,"2014-12-10"
2027.920044,2055.530029,2027.920044,2035.329956,3917950000,2035.329956,"2014-12-11"
2030.359985,2032.25,2002.329956,2002.329956,4157650000,2002.329956,"2014-12-12"
2005.030029,2018.689941,1982.26001,1989.630005,4361990000,1989.630005,"2014-12-15"
1986.709961,2016.890015,1972.560059,1972.73999,4958680000,1972.73999,"2014-12-16"
1973.77002,2016.75,1973.77002,2012.890015,4942370000,2012.890015,"2014-12-17"
2018.97998,2061.22998,2018.97998,2061.22998,4703380000,2061.22998,"2014-12-18"
2061.040039,2077.850098,2061.030029,2070.649902,6465530000,2070.649902,"2014-12-19"
2069.280029,2078.76001,2069.280029,2078.540039,3369520000,2078.540039,"2014-12-22"
2081.47998,2086.72998,2079.77002,2082.169922,3043950000,2082.169922,"2014-12-23"
2083.25,2087.560059,2081.860107,2081.879883,1416980000,2081.879883,"2014-12-24"
2084.300049,2092.699951,2084.300049,2088.77002,1735230000,2088.77002,"2014-12-26"
2087.629883,2093.550049,2085.75,2090.570068,2452360000,2090.570068,"2014-12-29"
2088.48999,2088.48999,2079.530029,2080.350098,2440280000,2080.350098,"2014-12-30"
2082.110107,2085.580078,2057.939941,2058.899902,2606070000,2058.899902,"2014-12-31"
